-- phpMyAdmin SQL Dump
-- version 4.7.7
-- https://www.phpmyadmin.net/
--
-- Hôte : localhost
-- Généré le :  ven. 20 juil. 2018 à 07:49
-- Version du serveur :  5.7.14
-- Version de PHP :  5.6.25

SET SQL_MODE = "NO_AUTO_VALUE_ON_ZERO";
SET AUTOCOMMIT = 0;
START TRANSACTION;
SET time_zone = "+00:00";


/*!40101 SET @OLD_CHARACTER_SET_CLIENT=@@CHARACTER_SET_CLIENT */;
/*!40101 SET @OLD_CHARACTER_SET_RESULTS=@@CHARACTER_SET_RESULTS */;
/*!40101 SET @OLD_COLLATION_CONNECTION=@@COLLATION_CONNECTION */;
/*!40101 SET NAMES utf8mb4 */;

--
-- Base de données :  `projet`
--

-- --------------------------------------------------------

--
-- Structure de la table `article`
--

CREATE TABLE `article` (
  `ID_A` int(11) NOT NULL,
  `DESIGNATION` varchar(30) NOT NULL,
  `ID_TYPE` int(4) NOT NULL,
  `ID_FAMILLE` int(4) NOT NULL,
  `LONGUEUR` decimal(10,2) DEFAULT '0.00',
  `LARGEUR` int(11) DEFAULT '0',
  `EPAISSEUR` int(11) DEFAULT '0',
  `U_Pqt` int(11) DEFAULT '0',
  `DIAMETRE` decimal(10,0) DEFAULT '0',
  `HAUTEUR` decimal(10,0) DEFAULT '0',
  `QTE_STO` int(11) DEFAULT '0',
  `QTE_MIN` int(11) DEFAULT '0',
  `CHEMIN_IMG` varchar(70) DEFAULT NULL,
  `QTE` decimal(10,3) DEFAULT '0.000',
  `VOL` decimal(10,3) DEFAULT '0.000',
  `TYPE` varchar(25) DEFAULT NULL,
  `FAMILLE` varchar(30) DEFAULT NULL,
  `UNITE` varchar(5) DEFAULT NULL,
  `ID_TARIF` int(2) DEFAULT '0',
  `PRIX_U` decimal(10,2) DEFAULT '0.00',
  `TX` int(4) DEFAULT '0',
  `PV_HT` decimal(10,2) DEFAULT '0.00'
) ENGINE=InnoDB DEFAULT CHARSET=latin1;

--
-- Déchargement des données de la table `article`
--

INSERT INTO `article` (`ID_A`, `DESIGNATION`, `ID_TYPE`, `ID_FAMILLE`, `LONGUEUR`, `LARGEUR`, `EPAISSEUR`, `U_Pqt`, `DIAMETRE`, `HAUTEUR`, `QTE_STO`, `QTE_MIN`, `CHEMIN_IMG`, `QTE`, `VOL`, `TYPE`, `FAMILLE`, `UNITE`, `ID_TARIF`, `PRIX_U`, `TX`, `PV_HT`) VALUES
(1, 'Pl/4x100x25', 1, 1, '4.00', 100, 25, 1, '0', '0', 0, 0, '../images/Planche.png', '0.010', '0.010', 'Bois brut', 'Planche', 'M3', 1, '320000.00', 0, '320000.00'),
(2, 'Pl/4x100x22', 1, 1, '4.00', 100, 22, 1, '0', '0', 0, 0, '../images/Planche.png', '0.009', '0.009', 'Bois brut', 'Planche', 'M3', 1, '320000.00', 0, '320000.00'),
(3, 'Pl/4x125x25', 1, 1, '4.00', 125, 25, 1, '0', '0', 0, 0, '../images/Planche.png', '0.013', '0.013', 'Bois brut', 'Planche', 'M3', 1, '320000.00', 0, '320000.00'),
(4, 'Pl/4x125x22', 1, 1, '4.00', 125, 22, 1, '0', '0', 0, 0, '../images/Planche.png', '0.011', '0.011', 'Bois brut', 'Planche', 'M3', 1, '320000.00', 0, '320000.00'),
(5, 'Pl/4x150x25', 1, 1, '4.00', 150, 25, 1, '0', '0', 0, 0, '../images/Planche.png', '0.015', '0.015', 'Bois brut', 'Planche', 'M3', 1, '320000.00', 0, '320000.00'),
(6, 'Pl/4x150x22', 1, 1, '4.00', 150, 22, 1, '0', '0', 0, 0, '../images/Planche.png', '0.013', '0.013', 'Bois brut', 'Planche', 'M3', 1, '320000.00', 0, '320000.00'),
(7, 'Pl/4x175x25', 1, 1, '4.00', 175, 25, 1, '0', '0', 0, 0, '../images/Planche.png', '0.018', '0.018', 'Bois brut', 'Planche', 'M3', 4, '335000.00', 0, '335000.00'),
(8, 'Pl/4x175x22', 1, 1, '4.00', 175, 22, 1, '0', '0', 0, 0, '../images/Planche.png', '0.015', '0.015', 'Bois brut', 'Planche', 'M3', 4, '335000.00', 0, '335000.00'),
(9, 'Pl/2,5x100x25', 1, 1, '2.50', 100, 25, 1, '0', '0', 0, 0, '../images/Planche.png', '0.006', '0.006', 'Bois brut', 'Planche', 'M3', 1, '320000.00', 0, '320000.00'),
(10, 'Pl/2,5x100x22', 1, 1, '2.50', 100, 22, 1, '0', '0', 0, 0, '../images/Planche.png', '0.006', '0.006', 'Bois brut', 'Planche', 'M3', 1, '320000.00', 0, '320000.00'),
(11, 'Pl/2,5x125x25', 1, 1, '2.50', 125, 25, 1, '0', '0', 0, 0, '../images/Planche.png', '0.008', '0.008', 'Bois brut', 'Planche', 'M3', 1, '320000.00', 0, '320000.00'),
(12, 'Pl/2,5x125x22', 1, 1, '2.50', 125, 22, 1, '0', '0', 0, 0, '../images/Planche.png', '0.007', '0.007', 'Bois brut', 'Planche', 'M3', 1, '320000.00', 0, '320000.00'),
(13, 'Pl/2,5x150x25', 1, 1, '2.50', 150, 25, 1, '0', '0', 0, 0, '../images/Planche.png', '0.009', '0.009', 'Bois brut', 'Planche', 'M3', 1, '320000.00', 0, '320000.00'),
(14, 'Pl/2,5x150x22', 1, 1, '2.50', 150, 22, 1, '0', '0', 0, 0, '../images/Planche.png', '0.008', '0.008', 'Bois brut', 'Planche', 'M3', 1, '320000.00', 0, '320000.00'),
(15, 'Pl/2,5x175x25', 1, 1, '2.50', 175, 25, 1, '0', '0', 0, 0, '../images/Planche.png', '0.011', '0.011', 'Bois brut', 'Planche', 'M3', 4, '335000.00', 0, '335000.00'),
(16, 'Pl/2,5x175x22', 1, 1, '2.50', 175, 22, 1, '0', '0', 0, 0, '../images/Planche.png', '0.010', '0.010', 'Bois brut', 'Planche', 'M3', 4, '335000.00', 0, '335000.00'),
(17, 'Pl/2x150x25', 1, 1, '2.00', 150, 25, 1, '0', '0', 0, 0, '../images/Planche.png', '0.008', '0.008', 'Bois brut', 'Planche', 'M3', 1, '320000.00', 0, '320000.00'),
(18, 'Pl/2x150x22', 1, 1, '2.00', 150, 22, 1, '0', '0', 0, 0, '../images/Planche.png', '0.007', '0.007', 'Bois brut', 'Planche', 'M3', 1, '320000.00', 0, '320000.00'),
(19, 'Pl/2x175x25', 1, 1, '2.00', 175, 25, 1, '0', '0', 8, 0, '../images/Planche.png', '0.009', '0.009', 'Bois brut', 'Planche', 'M3', 4, '335000.00', 0, '335000.00'),
(20, 'Pl/2x175x22', 1, 1, '2.00', 175, 22, 1, '0', '0', 0, 0, '../images/Planche.png', '0.008', '0.008', 'Bois brut', 'Planche', 'M3', 4, '335000.00', 0, '335000.00'),
(21, 'Ma/5x100x50', 1, 2, '5.00', 100, 50, 1, '0', '0', 0, 0, '../images/Madrier.png', '0.025', '0.025', 'Bois brut', 'Madrier', 'M3', 1, '320000.00', 35, '432000.00'),
(22, 'Ma/5x100x63', 1, 2, '5.00', 100, 63, 1, '0', '0', 0, 0, '../images/Madrier.png', '0.032', '0.032', 'Bois brut', 'Madrier', 'M3', 1, '320000.00', 35, '432000.00'),
(23, 'Ma/5x100x75', 1, 2, '5.00', 100, 75, 1, '0', '0', 0, 0, '../images/Madrier.png', '0.038', '0.038', 'Bois brut', 'Madrier', 'M3', 1, '320000.00', 35, '432000.00'),
(24, 'Ma/5x125x50', 1, 2, '5.00', 125, 50, 1, '0', '0', 0, 0, '../images/Madrier.png', '0.031', '0.031', 'Bois brut', 'Madrier', 'M3', 1, '320000.00', 35, '432000.00'),
(25, 'Ma/5x125x63', 1, 2, '5.00', 125, 63, 1, '0', '0', 0, 0, '../images/Madrier.png', '0.039', '0.039', 'Bois brut', 'Madrier', 'M3', 1, '320000.00', 35, '432000.00'),
(26, 'Ma/5x125x75', 1, 2, '5.00', 125, 75, 1, '0', '0', 0, 0, '../images/Madrier.png', '0.047', '0.047', 'Bois brut', 'Madrier', 'M3', 1, '320000.00', 35, '432000.00'),
(27, 'Ma/5x150x50', 1, 2, '5.00', 150, 50, 1, '0', '0', 0, 0, '../images/Madrier.png', '0.038', '0.038', 'Bois brut', 'Madrier', 'M3', 1, '320000.00', 35, '432000.00'),
(28, 'Ma/5x150x63', 1, 2, '5.00', 150, 63, 1, '0', '0', 0, 0, '../images/Madrier.png', '0.047', '0.047', 'Bois brut', 'Madrier', 'M3', 1, '320000.00', 35, '432000.00'),
(29, 'Ma/5x150x75', 1, 2, '5.00', 150, 75, 1, '0', '0', 0, 0, '../images/Madrier.png', '0.056', '0.056', 'Bois brut', 'Madrier', 'M3', 1, '320000.00', 35, '432000.00'),
(30, 'Ma/5x175x50', 1, 2, '5.00', 175, 50, 1, '0', '0', 0, 0, '../images/Madrier.png', '0.044', '0.044', 'Bois brut', 'Madrier', 'M3', 4, '335000.00', 35, '452250.00'),
(31, 'Ma/5x175x63', 1, 2, '5.00', 175, 63, 1, '0', '0', 0, 0, '../images/Madrier.png', '0.055', '0.055', 'Bois brut', 'Madrier', 'M3', 4, '335000.00', 35, '452250.00'),
(32, 'Ma/5x175x75', 1, 2, '5.00', 175, 75, 1, '0', '0', 0, 0, '../images/Madrier.png', '0.066', '0.066', 'Bois brut', 'Madrier', 'M3', 4, '335000.00', 35, '452250.00'),
(33, 'Ma/4.5x100x50', 1, 2, '4.50', 100, 50, 1, '0', '0', 0, 0, '../images/Madrier.png', '0.023', '0.023', 'Bois brut', 'Madrier', 'M3', 1, '320000.00', 25, '400000.00'),
(34, 'Ma/4.5x100x63', 1, 2, '4.50', 100, 63, 1, '0', '0', 0, 0, '../images/Madrier.png', '0.028', '0.028', 'Bois brut', 'Madrier', 'M3', 1, '320000.00', 25, '400000.00'),
(35, 'Ma/4.5x100x75', 1, 2, '4.50', 100, 75, 1, '0', '0', 0, 0, '../images/Madrier.png', '0.034', '0.034', 'Bois brut', 'Madrier', 'M3', 1, '320000.00', 25, '400000.00'),
(36, 'Ma/4.5x125x50', 1, 2, '4.50', 125, 50, 1, '0', '0', 0, 0, '../images/Madrier.png', '0.028', '0.028', 'Bois brut', 'Madrier', 'M3', 1, '320000.00', 25, '400000.00'),
(37, 'Ma/4.5x125x63', 1, 2, '4.50', 125, 63, 1, '0', '0', 0, 0, '../images/Madrier.png', '0.035', '0.035', 'Bois brut', 'Madrier', 'M3', 1, '320000.00', 25, '400000.00'),
(38, 'Ma/4.5x125x75', 1, 2, '4.50', 125, 75, 1, '0', '0', 0, 0, '../images/Madrier.png', '0.042', '0.042', 'Bois brut', 'Madrier', 'M3', 1, '320000.00', 25, '400000.00'),
(39, 'Ma/4.5x150x50', 1, 2, '4.50', 150, 50, 1, '0', '0', 0, 0, '../images/Madrier.png', '0.034', '0.034', 'Bois brut', 'Madrier', 'M3', 1, '320000.00', 25, '400000.00'),
(40, 'Ma/4.5x150x63', 1, 2, '4.50', 150, 63, 1, '0', '0', 0, 0, '../images/Madrier.png', '0.043', '0.043', 'Bois brut', 'Madrier', 'M3', 1, '320000.00', 25, '400000.00'),
(41, 'Ma/4.5x150x75', 1, 2, '4.50', 150, 75, 1, '0', '0', 0, 0, '../images/Madrier.png', '0.051', '0.051', 'Bois brut', 'Madrier', 'M3', 1, '320000.00', 25, '400000.00'),
(42, 'Ma/4,5x175x50', 1, 2, '4.50', 175, 50, 1, '0', '0', 0, 0, '../images/Madrier.png', '0.039', '0.039', 'Bois brut', 'Madrier', 'M3', 4, '335000.00', 25, '418750.00'),
(43, 'Ma/4,5x175x63', 1, 2, '4.50', 175, 63, 1, '0', '0', 0, 0, '../images/Madrier.png', '0.050', '0.050', 'Bois brut', 'Madrier', 'M3', 4, '335000.00', 25, '418750.00'),
(44, 'Ma/4,5x175x75', 1, 2, '4.50', 175, 75, 1, '0', '0', 0, 0, '../images/Madrier.png', '0.059', '0.059', 'Bois brut', 'Madrier', 'M3', 4, '335000.00', 25, '418750.00'),
(45, 'Ma/4x100x50', 1, 2, '4.00', 100, 50, 1, '0', '0', 0, 0, '../images/Madrier.png', '0.020', '0.020', 'Bois brut', 'Madrier', 'M3', 1, '320000.00', 0, '320000.00'),
(46, 'Ma/4x100x63', 1, 2, '4.00', 100, 63, 1, '0', '0', 0, 0, '../images/Madrier.png', '0.025', '0.025', 'Bois brut', 'Madrier', 'M3', 1, '320000.00', 0, '320000.00'),
(47, 'Ma/4x100x75', 1, 2, '4.00', 100, 75, 1, '0', '0', 0, 0, '../images/Madrier.png', '0.030', '0.030', 'Bois brut', 'Madrier', 'M3', 1, '320000.00', 0, '320000.00'),
(48, 'Ma/4x125x50', 1, 2, '4.00', 125, 50, 1, '0', '0', 0, 0, '../images/Madrier.png', '0.025', '0.025', 'Bois brut', 'Madrier', 'M3', 1, '320000.00', 0, '320000.00'),
(49, 'Ma/4x125x63', 1, 2, '4.00', 125, 63, 1, '0', '0', 0, 0, '../images/Madrier.png', '0.032', '0.032', 'Bois brut', 'Madrier', 'M3', 1, '320000.00', 0, '320000.00'),
(50, 'Ma/4x125x75', 1, 2, '4.00', 125, 75, 1, '0', '0', 0, 0, '../images/Madrier.png', '0.038', '0.038', 'Bois brut', 'Madrier', 'M3', 1, '320000.00', 0, '320000.00'),
(51, 'Ma/4x150x50', 1, 2, '4.00', 150, 50, 1, '0', '0', 0, 0, '../images/Madrier.png', '0.030', '0.030', 'Bois brut', 'Madrier', 'M3', 1, '320000.00', 0, '320000.00'),
(52, 'Ma/4x150x63', 1, 2, '4.00', 150, 63, 1, '0', '0', 0, 0, '../images/Madrier.png', '0.038', '0.038', 'Bois brut', 'Madrier', 'M3', 1, '320000.00', 0, '320000.00'),
(53, 'Ma/4x150x75', 1, 2, '4.00', 150, 75, 1, '0', '0', 0, 0, '../images/Madrier.png', '0.045', '0.045', 'Bois brut', 'Madrier', 'M3', 1, '320000.00', 0, '320000.00'),
(54, 'Ma/4x175x50', 1, 2, '4.00', 175, 50, 1, '0', '0', 0, 0, '../images/Madrier.png', '0.035', '0.035', 'Bois brut', 'Madrier', 'M3', 4, '335000.00', 0, '335000.00'),
(55, 'Ma/4x175x63', 1, 2, '4.00', 175, 63, 1, '0', '0', 0, 0, '../images/Madrier.png', '0.044', '0.044', 'Bois brut', 'Madrier', 'M3', 4, '335000.00', 0, '335000.00'),
(56, 'Ma/4x175x75', 1, 2, '4.00', 175, 75, 1, '0', '0', 0, 0, '../images/Madrier.png', '0.053', '0.053', 'Bois brut', 'Madrier', 'M3', 4, '335000.00', 0, '335000.00'),
(57, 'Ma/2,5x100x50', 1, 2, '2.50', 100, 50, 1, '0', '0', 0, 0, '../images/Madrier.png', '0.013', '0.013', 'Bois brut', 'Madrier', 'M3', 4, '335000.00', 0, '335000.00'),
(58, 'Ma/2,5x100x63', 1, 2, '2.50', 100, 63, 1, '0', '0', 0, 0, '../images/Madrier.png', '0.016', '0.016', 'Bois brut', 'Madrier', 'M3', 4, '335000.00', 0, '335000.00'),
(59, 'Ma/2,5x100x75', 1, 2, '2.50', 100, 75, 1, '0', '0', 0, 0, '../images/Madrier.png', '0.019', '0.019', 'Bois brut', 'Madrier', 'M3', 4, '335000.00', 0, '335000.00'),
(60, 'Ma/2,5x125x50', 1, 2, '2.50', 125, 50, 1, '0', '0', 0, 0, '../images/Madrier.png', '0.016', '0.016', 'Bois brut', 'Madrier', 'M3', 4, '335000.00', 0, '335000.00'),
(61, 'Ma/2,5x125x63', 1, 2, '2.50', 125, 63, 1, '0', '0', 0, 0, '../images/Madrier.png', '0.020', '0.020', 'Bois brut', 'Madrier', 'M3', 4, '335000.00', 0, '335000.00'),
(62, 'Ma/2,5x125x75', 1, 2, '2.50', 125, 75, 1, '0', '0', 0, 0, '../images/Madrier.png', '0.023', '0.023', 'Bois brut', 'Madrier', 'M3', 4, '335000.00', 0, '335000.00'),
(63, 'Ma/2,5x150x50', 1, 2, '2.50', 150, 50, 1, '0', '0', 0, 0, '../images/Madrier.png', '0.019', '0.019', 'Bois brut', 'Madrier', 'M3', 4, '335000.00', 0, '335000.00'),
(64, 'Ma/2,5x150x63', 1, 2, '2.50', 150, 63, 1, '0', '0', 0, 0, '../images/Madrier.png', '0.024', '0.024', 'Bois brut', 'Madrier', 'M3', 4, '335000.00', 0, '335000.00'),
(65, 'Ma/2,5x150x75', 1, 2, '2.50', 150, 75, 1, '0', '0', 0, 0, '../images/Madrier.png', '0.028', '0.028', 'Bois brut', 'Madrier', 'M3', 4, '335000.00', 0, '335000.00'),
(66, 'Ma/2,5x175x50', 1, 2, '2.50', 175, 50, 1, '0', '0', 0, 0, '../images/Madrier.png', '0.022', '0.022', 'Bois brut', 'Madrier', 'M3', 4, '335000.00', 0, '335000.00'),
(67, 'Ma/2,5x175x63', 1, 2, '2.50', 175, 63, 1, '0', '0', 0, 0, '../images/Madrier.png', '0.028', '0.028', 'Bois brut', 'Madrier', 'M3', 4, '335000.00', 0, '335000.00'),
(68, 'Ma/2,5x175x75', 1, 2, '2.50', 175, 75, 1, '0', '0', 0, 0, '../images/Madrier.png', '0.033', '0.033', 'Bois brut', 'Madrier', 'M3', 4, '335000.00', 0, '335000.00'),
(69, 'Ba/4x100x32', 1, 3, '4.00', 100, 32, 1, '0', '0', 0, 0, '../images/Battant.png', '0.013', '0.013', 'Bois brut', 'Battant', 'M3', 1, '320000.00', 0, '320000.00'),
(70, 'Ba/4x100x38', 1, 3, '4.00', 100, 38, 1, '0', '0', 0, 0, '../images/Battant.png', '0.015', '0.015', 'Bois brut', 'Battant', 'M3', 1, '320000.00', 0, '320000.00'),
(71, 'Ba/4x100x44', 1, 3, '4.00', 100, 44, 1, '0', '0', 0, 0, '../images/Battant.png', '0.018', '0.018', 'Bois brut', 'Battant', 'M3', 1, '320000.00', 0, '320000.00'),
(72, 'Ba/4.5x100x32', 1, 3, '4.50', 100, 32, 1, '0', '0', 0, 0, '../images/Battant.png', '0.014', '0.014', 'Bois brut', 'Battant', 'M3', 1, '320000.00', 25, '400000.00'),
(73, 'Ba/4.5x100x38', 1, 3, '4.50', 100, 38, 1, '0', '0', 0, 0, '../images/Battant.png', '0.017', '0.017', 'Bois brut', 'Battant', 'M3', 1, '320000.00', 25, '400000.00'),
(74, 'Ba/4.5x100x44', 1, 3, '4.50', 100, 44, 1, '0', '0', 0, 0, '../images/Battant.png', '0.020', '0.020', 'Bois brut', 'Battant', 'M3', 1, '320000.00', 25, '400000.00'),
(75, 'Ba/4x125x32', 1, 3, '4.00', 125, 32, 1, '0', '0', 0, 0, '../images/Battant.png', '0.016', '0.016', 'Bois brut', 'Battant', 'M3', 1, '320000.00', 0, '320000.00'),
(76, 'Ba/4x125x38', 1, 3, '4.00', 125, 38, 1, '0', '0', 0, 0, '../images/Battant.png', '0.019', '0.019', 'Bois brut', 'Battant', 'M3', 1, '320000.00', 0, '320000.00'),
(77, 'Ba/4x125x44', 1, 3, '4.00', 125, 44, 1, '0', '0', 0, 0, '../images/Battant.png', '0.022', '0.022', 'Bois brut', 'Battant', 'M3', 1, '320000.00', 0, '320000.00'),
(78, 'Ba/4.5x125x32', 1, 3, '4.50', 125, 32, 1, '0', '0', 0, 0, '../images/Battant.png', '0.018', '0.018', 'Bois brut', 'Battant', 'M3', 1, '320000.00', 25, '400000.00'),
(79, 'Ba/4.5x125x38', 1, 3, '4.50', 125, 38, 1, '0', '0', 0, 0, '../images/Battant.png', '0.021', '0.021', 'Bois brut', 'Battant', 'M3', 1, '320000.00', 25, '400000.00'),
(80, 'Ba/4.5x125x44', 1, 3, '4.50', 125, 44, 1, '0', '0', 0, 0, '../images/Battant.png', '0.021', '0.025', 'Bois brut', 'Battant', 'M3', 1, '320000.00', 25, '400000.00'),
(81, 'Ba/4x150x32', 1, 3, '4.00', 150, 32, 1, '0', '0', 0, 0, '../images/Battant.png', '0.019', '0.019', 'Bois brut', 'Battant', 'M3', 1, '320000.00', 0, '320000.00'),
(82, 'Ba/4x150x38', 1, 3, '4.00', 150, 38, 1, '0', '0', 0, 0, '../images/Battant.png', '0.023', '0.023', 'Bois brut', 'Battant', 'M3', 1, '320000.00', 0, '320000.00'),
(83, 'Ba/4x150x44', 1, 3, '4.00', 150, 44, 1, '0', '0', 0, 0, '../images/Battant.png', '0.026', '0.026', 'Bois brut', 'Battant', 'M3', 1, '320000.00', 0, '320000.00'),
(84, 'Ba/4.5x150x32', 1, 3, '4.50', 150, 32, 1, '0', '0', 0, 0, '../images/Battant.png', '0.022', '0.022', 'Bois brut', 'Battant', 'M3', 1, '320000.00', 25, '400000.00'),
(85, 'Ba/4.5x150x38', 1, 3, '4.50', 150, 38, 1, '0', '0', 0, 0, '../images/Battant.png', '0.026', '0.026', 'Bois brut', 'Battant', 'M3', 1, '320000.00', 25, '400000.00'),
(86, 'Ba/4.5x150x44', 1, 3, '4.50', 150, 44, 1, '0', '0', 0, 0, '../images/Battant.png', '0.030', '0.030', 'Bois brut', 'Battant', 'M3', 1, '320000.00', 25, '400000.00'),
(87, 'Ba/4x175x32', 1, 3, '4.00', 175, 32, 1, '0', '0', 0, 0, '../images/Battant.png', '0.022', '0.022', 'Bois brut', 'Battant', 'M3', 4, '335000.00', 0, '335000.00'),
(88, 'Ba/4x175x38', 1, 3, '4.00', 175, 38, 1, '0', '0', 0, 0, '../images/Battant.png', '0.027', '0.027', 'Bois brut', 'Battant', 'M3', 4, '335000.00', 0, '335000.00'),
(89, 'Ba/4x175x44', 1, 3, '4.00', 175, 44, 1, '0', '0', 0, 0, '../images/Battant.png', '0.031', '0.031', 'Bois brut', 'Battant', 'M3', 4, '335000.00', 0, '335000.00'),
(90, 'Ba/4.5x175x32', 1, 3, '4.50', 175, 32, 1, '0', '0', 0, 0, '../images/Battant.png', '0.025', '0.025', 'Bois brut', 'Battant', 'M3', 4, '335000.00', 25, '418750.00'),
(91, 'Ba/4.5x175x38', 1, 3, '4.50', 175, 38, 1, '0', '0', 0, 0, '../images/Battant.png', '0.030', '0.030', 'Bois brut', 'Battant', 'M3', 4, '335000.00', 25, '418750.00'),
(92, 'Ba/4.5x175x44', 1, 3, '4.50', 175, 44, 1, '0', '0', 0, 0, '../images/Battant.png', '0.035', '0.035', 'Bois brut', 'Battant', 'M3', 4, '335000.00', 25, '418750.00'),
(93, 'Ba/2,5x50x38', 1, 3, '2.50', 50, 38, 1, '0', '0', 0, 0, '../images/Battant.png', '0.005', '0.005', 'Bois brut', 'Battant', 'M3', 6, '345000.00', 0, '345000.00'),
(94, 'Ba/2,5x100x32', 1, 3, '2.50', 100, 32, 1, '0', '0', 0, 0, '../images/Battant.png', '0.008', '0.008', 'Bois brut', 'Battant', 'M3', 1, '320000.00', 0, '320000.00'),
(95, 'Ba/2,5x100x38', 1, 3, '2.50', 100, 38, 1, '0', '0', 0, 0, '../images/Battant.png', '0.010', '0.010', 'Bois brut', 'Battant', 'M3', 1, '320000.00', 0, '320000.00'),
(96, 'Ba/2,5x100x44', 1, 3, '2.50', 100, 44, 1, '0', '0', 0, 0, '../images/Battant.png', '0.011', '0.011', 'Bois brut', 'Battant', 'M3', 1, '320000.00', 0, '320000.00'),
(97, 'Ba/2,5x125x32', 1, 3, '2.50', 125, 32, 1, '0', '0', 0, 0, '../images/Battant.png', '0.010', '0.010', 'Bois brut', 'Battant', 'M3', 1, '320000.00', 0, '320000.00'),
(98, 'Ba/2,5x125x38', 1, 3, '2.50', 125, 38, 1, '0', '0', 0, 0, '../images/Battant.png', '0.012', '0.012', 'Bois brut', 'Battant', 'M3', 1, '320000.00', 0, '320000.00'),
(99, 'Ba/2,5x125x44', 1, 3, '2.50', 125, 44, 1, '0', '0', 0, 0, '../images/Battant.png', '0.014', '0.014', 'Bois brut', 'Battant', 'M3', 1, '320000.00', 0, '320000.00'),
(100, 'Ba/2,5x150x32', 1, 3, '2.50', 150, 32, 1, '0', '0', 0, 0, '../images/Madrier.png', '0.012', '0.012', 'Bois brut', 'Battant', 'M3', 1, '320000.00', 0, '320000.00'),
(101, 'Ba/2,5x150x38', 1, 3, '2.50', 150, 38, 1, '0', '0', 0, 0, '../images/Madrier.png', '0.014', '0.014', 'Bois brut', 'Battant', 'M3', 1, '320000.00', 0, '320000.00'),
(102, 'Ba/2,5x150x44', 1, 3, '2.50', 150, 44, 1, '0', '0', 0, 0, '../images/Madrier.png', '0.017', '0.017', 'Bois brut', 'Battant', 'M3', 1, '320000.00', 0, '320000.00'),
(103, 'Ba/2,5x175x32', 1, 3, '2.50', 175, 32, 1, '0', '0', 0, 0, '../images/Madrier.png', '0.014', '0.014', 'Bois brut', 'Battant', 'M3', 4, '335000.00', 0, '335000.00'),
(104, 'Ba/2,5x175x38', 1, 3, '2.50', 175, 38, 1, '0', '0', 0, 0, '../images/Madrier.png', '0.017', '0.017', 'Bois brut', 'Battant', 'M3', 4, '335000.00', 0, '335000.00'),
(105, 'Ba/2,5x175x44', 1, 3, '2.50', 175, 44, 1, '0', '0', 0, 0, '../images/Madrier.png', '0.019', '0.019', 'Bois brut', 'Battant', 'M3', 4, '335000.00', 0, '335000.00'),
(106, 'Ba/2x100x32', 1, 3, '2.00', 100, 32, 1, '0', '0', 0, 0, '../images/Battant.png', '0.006', '0.006', 'Bois brut', 'Battant', 'M3', 1, '320000.00', 0, '320000.00'),
(107, 'Ba/2x100x38', 1, 3, '2.00', 100, 38, 1, '0', '0', 0, 0, '../images/Battant.png', '0.008', '0.008', 'Bois brut', 'Battant', 'M3', 1, '320000.00', 0, '320000.00'),
(108, 'Ba/2x100x44', 1, 3, '2.00', 100, 44, 1, '0', '0', 0, 0, '../images/Battant.png', '0.009', '0.009', 'Bois brut', 'Battant', 'M3', 1, '320000.00', 0, '320000.00'),
(109, 'Ba/2x125x32', 1, 3, '2.00', 125, 32, 1, '0', '0', 0, 0, '../images/Battant.png', '0.008', '0.008', 'Bois brut', 'Battant', 'M3', 1, '320000.00', 0, '320000.00'),
(110, 'Ba/2x125x38', 1, 3, '2.00', 125, 38, 1, '0', '0', 0, 0, '../images/Battant.png', '0.010', '0.010', 'Bois brut', 'Battant', 'M3', 1, '320000.00', 0, '320000.00'),
(111, 'Ba/2x125x44', 1, 3, '2.00', 125, 44, 1, '0', '0', 0, 0, '../images/Battant.png', '0.011', '0.011', 'Bois brut', 'Battant', 'M3', 1, '320000.00', 0, '320000.00'),
(112, 'Ba/2x150x32', 1, 3, '2.00', 150, 32, 1, '0', '0', 0, 0, '../images/Battant.png', '0.010', '0.010', 'Bois brut', 'Battant', 'M3', 4, '335000.00', 0, '335000.00'),
(113, 'Ba/2x150x38', 1, 3, '2.00', 150, 38, 1, '0', '0', 0, 0, '../images/Battant.png', '0.011', '0.011', 'Bois brut', 'Battant', 'M3', 4, '335000.00', 0, '335000.00'),
(114, 'Ba/2x150x44', 1, 3, '2.00', 150, 44, 1, '0', '0', 0, 0, '../images/Battant.png', '0.013', '0.013', 'Bois brut', 'Battant', 'M3', 4, '335000.00', 0, '335000.00'),
(115, 'Ba/2x175x32', 1, 3, '2.00', 175, 32, 1, '0', '0', 0, 0, '../images/Battant.png', '0.011', '0.011', 'Bois brut', 'Battant', 'M3', 4, '335000.00', 0, '335000.00'),
(116, 'Ba/2x175x38', 1, 3, '2.00', 175, 38, 1, '0', '0', 0, 0, '../images/Battant.png', '0.013', '0.013', 'Bois brut', 'Battant', 'M3', 4, '335000.00', 0, '335000.00'),
(117, 'Ba/2x175x44', 1, 3, '2.00', 175, 44, 1, '0', '0', 0, 0, '../images/Battant.png', '0.015', '0.015', 'Bois brut', 'Battant', 'M3', 4, '335000.00', 0, '335000.00'),
(118, 'Ch/4x50x50', 1, 4, '4.00', 50, 50, 1, '0', '0', 0, 0, '../images/Chevron.png', '0.010', '0.010', 'Bois brut', 'Chevron', 'M3', 4, '335000.00', 0, '335000.00'),
(119, 'Ch/4x63x63', 1, 4, '4.00', 63, 63, 1, '0', '0', 0, 0, '../images/Chevron.png', '0.016', '0.016', 'Bois brut', 'Chevron', 'M3', 3, '330000.00', 0, '330000.00'),
(120, 'Ch/4x75x50', 1, 4, '4.00', 75, 50, 1, '0', '0', 0, 0, '../images/Chevron.png', '0.015', '0.015', 'Bois brut', 'Chevron', 'M3', 2, '325000.00', 0, '325000.00'),
(121, 'Ch/4x75x75', 1, 4, '4.00', 75, 75, 1, '0', '0', 0, 0, '../images/Chevron.png', '0.023', '0.023', 'Bois brut', 'Chevron', 'M3', 2, '325000.00', 0, '325000.00'),
(122, 'Ch/4x100x100', 1, 4, '4.00', 100, 100, 1, '0', '0', 0, 0, '../images/Madrier.png', '0.040', '0.040', 'Bois brut', 'Chevron', 'M3', 1, '320000.00', 0, '320000.00'),
(123, 'Ch/2.5x50x50', 1, 4, '2.50', 50, 50, 1, '0', '0', 0, 0, '../images/Chevron.png', '0.006', '0.006', 'Bois brut', 'Chevron', 'M3', 4, '335000.00', 0, '335000.00'),
(124, 'Ch/2,5x63x63', 1, 4, '2.50', 63, 63, 1, '0', '0', 0, 0, '../images/Chevron.png', '0.010', '0.010', 'Bois brut', 'Chevron', 'M3', 3, '330000.00', 0, '330000.00'),
(125, 'Ch/2,5x75x50', 1, 4, '2.50', 75, 50, 1, '0', '0', 0, 0, '../images/Chevron.png', '0.009', '0.009', 'Bois brut', 'Chevron', 'M3', 2, '325000.00', 0, '325000.00'),
(126, 'Ch/2,5x75x75', 1, 4, '2.50', 75, 75, 1, '0', '0', 0, 0, '../images/Chevron.png', '0.014', '0.014', 'Bois brut', 'Chevron', 'M3', 2, '325000.00', 0, '325000.00'),
(127, 'Ch/2,5x100x100', 1, 4, '2.50', 100, 100, 1, '0', '0', 0, 0, '../images/Madrier.png', '0.025', '0.025', 'Bois brut', 'Chevron', 'M3', 1, '320000.00', 0, '320000.00'),
(128, 'Ch/2x50x50', 1, 4, '2.00', 50, 50, 1, '0', '0', 0, 0, '../images/Chevron.png', '0.005', '0.005', 'Bois brut', 'Chevron', 'M3', 4, '335000.00', 0, '335000.00'),
(129, 'Ch/2x63x63', 1, 4, '2.00', 63, 63, 1, '0', '0', 0, 0, '../images/Madrier.png', '0.008', '0.008', 'Bois brut', 'Chevron', 'M3', 3, '330000.00', 0, '330000.00'),
(130, 'Ch/2x75x50', 1, 4, '2.00', 75, 50, 1, '0', '0', 0, 0, '../images/Madrier.png', '0.008', '0.008', 'Bois brut', 'Chevron', 'M3', 2, '325000.00', 0, '325000.00'),
(131, 'Ch/2x75x75', 1, 4, '2.00', 75, 75, 1, '0', '0', 0, 0, '../images/Madrier.png', '0.011', '0.011', 'Bois brut', 'Chevron', 'M3', 2, '325000.00', 0, '325000.00'),
(132, 'G28p/2.5x28x28', 9, 42, '2.50', 28, 28, 40, '0', '0', 0, 0, '../images/Gorge.png', '0.000', '0.002', 'Bois profile à peindre', 'Gorge G28', 'ML', 20, '1360.00', -15, '1156.00'),
(133, 'CJ40p/2.5x40x14', 9, 45, '2.50', 40, 14, 40, '0', '0', 0, 0, '../images/Couvre-joint.png', '0.000', '0.001', 'Bois profile à peindre', 'Couvre joint CJ40', 'ML', 20, '1360.00', -15, '1156.00'),
(134, 'F60p/2.5x60x13', 9, 35, '2.50', 60, 13, 20, '0', '0', 0, 0, '../images/Frisette.png', '0.150', '0.002', 'Bois profile à peindre', 'Frisette F60', 'M2', 32, '20418.00', -15, '17355.30'),
(135, 'P60p/2.5x60x26', 9, 40, '2.50', 60, 26, 12, '0', '0', 0, 0, '../images/Parquet.png', '0.150', '0.004', 'Bois profile à peindre', 'Parquet P60', 'M2', 35, '26747.00', -15, '22734.95'),
(136, 'Pt60p/2.5x60x14', 9, 43, '2.50', 60, 14, 30, '0', '0', 0, 0, '../images/Plinthe.png', '0.000', '0.002', 'Bois profile à peindre', 'Plinthe PL60', 'ML', 20, '1360.00', -15, '1156.00'),
(137, 'F86p/2.5x86x13', 9, 36, '2.50', 86, 13, 14, '0', '0', 0, 0, '../images/Frisette.png', '0.215', '0.003', 'Bois profile à peindre', 'Frisette F86', 'M2', 31, '19139.00', -15, '16268.15'),
(138, 'P86p/2.5x86x26', 9, 41, '2.50', 86, 26, 8, '0', '0', 0, 0, '../images/Parquet.png', '0.215', '0.006', 'Bois profile à peindre', 'Parquet P86', 'M2', 34, '25523.00', -15, '21694.55'),
(140, 'Pt90p/2.5x90x14', 9, 44, '2.50', 90, 14, 20, '0', '0', 0, 0, '../images/Plinthe.png', '2.500', '0.003', 'Bois profile à peindre', 'Plinthe PL90', 'ML', 21, '1577.00', -15, '1340.45'),
(141, 'F110p/2.5x110x13', 9, 37, '2.50', 110, 13, 12, '0', '0', 0, 0, '../images/Frisette.png', '0.275', '0.004', 'Bois profile à peindre', 'Frisette F110', 'M2', 30, '17812.00', -15, '15140.20'),
(142, 'G28p/2x28x28', 9, 42, '2.00', 28, 28, 50, '0', '0', 0, 0, '../images/Gorge.png', '2.000', '0.002', 'Bois profile à peindre', 'Gorge G28', 'ML', 20, '1360.00', -15, '1156.00'),
(143, 'CJ40p/2x40x14', 9, 45, '2.00', 40, 14, 50, '0', '0', 0, 0, '../images/Couvre-joint.png', '0.000', '0.001', 'Bois profile à peindre', 'Couvre joint CJ40', 'ML', 20, '1360.00', -15, '1156.00'),
(144, 'F60p/2x60x13', 9, 35, '2.00', 60, 13, 20, '0', '0', 0, 0, '../images/Frisette.png', '0.120', '0.002', 'Bois profile à peindre', 'Frisette F60', 'M2', 32, '20418.00', -15, '17355.30'),
(145, 'P60p/2x60x26', 9, 40, '2.00', 60, 26, 15, '0', '0', 0, 0, '../images/Parquet.png', '0.120', '0.003', 'Bois profile à peindre', 'Parquet P60', 'M2', 35, '26747.00', -15, '22734.95'),
(146, 'Pt60p/2x60x14', 9, 43, '2.00', 60, 14, 30, '0', '0', 0, 0, '../images/Plinthe.png', '0.120', '0.002', 'Bois profile à peindre', 'Plinthe PL60', 'M2', 20, '1360.00', -15, '1156.00'),
(147, 'F86p/2x86x13', 9, 36, '2.00', 86, 13, 14, '0', '0', 0, 0, '../images/Frisette.png', '0.172', '0.002', 'Bois profile à peindre', 'Frisette F86', 'M2', 31, '19139.00', -15, '16268.15'),
(148, 'P86p/2x86x26', 9, 41, '2.00', 86, 26, 10, '0', '0', 0, 0, '../images/Parquet.png', '0.172', '0.004', 'Bois profile à peindre', 'Parquet P86', 'M2', 34, '25523.00', -15, '21694.55'),
(150, 'Pt90p/2x90x14', 9, 44, '2.00', 90, 14, 20, '0', '0', 0, 0, '../images/Plinthe.png', '2.000', '0.003', 'Bois profile à peindre', 'Plinthe PL90', 'ML', 21, '1577.00', -15, '1340.45'),
(151, 'F110p/2x110x13', 9, 37, '2.00', 110, 13, 12, '0', '0', 0, 0, '../images/Frisette.png', '0.220', '0.003', 'Bois profile à peindre', 'Frisette F110', 'M2', 30, '17812.00', -15, '15140.20'),
(152, 'G28p/1.5x28x28', 9, 42, '1.50', 28, 28, 50, '0', '0', 0, 0, '../images/Gorge.png', '1.500', '0.001', 'Bois profile à peindre', 'Gorge G28', 'ML', 20, '1360.00', -15, '1156.00'),
(154, 'F60p/1.5x60x13', 9, 35, '1.50', 60, 13, 20, '0', '0', 0, 0, '../images/Frisette.png', '0.090', '0.001', 'Bois profile à peindre', 'Frisette F60', 'M2', 32, '20418.00', -15, '17355.30'),
(155, 'P60p/1.5x60x26', 9, 40, '1.50', 60, 26, 21, '0', '0', 0, 0, '../images/Parquet.png', '0.090', '0.002', 'Bois profile à peindre', 'Parquet P60', 'M2', 35, '26747.00', -15, '22734.95'),
(157, 'F86p/1.5x86x13', 9, 36, '1.50', 86, 13, 14, '0', '0', 0, 0, '../images/Frisette.png', '0.129', '0.002', 'Bois profile à peindre', 'Frisette F86', 'M2', 31, '19139.00', -15, '16268.15'),
(158, 'P86p/1.5x86x26', 9, 41, '1.50', 86, 26, 10, '0', '0', 0, 0, '../images/Parquet.png', '0.129', '0.003', 'Bois profile à peindre', 'Parquet P86', 'M2', 34, '25523.00', -15, '21694.55'),
(161, 'F110p/1.5x110x13', 9, 37, '1.50', 110, 13, 12, '0', '0', 0, 0, '../images/Frisette.png', '0.165', '0.002', 'Bois profile à peindre', 'Frisette F110', 'M2', 30, '17812.00', -15, '15140.20'),
(162, 'G28p/1x28x28', 9, 42, '1.00', 28, 28, 100, '0', '0', 0, 0, '../images/Gorge.png', '1.000', '0.001', 'Bois profile à peindre', 'Gorge G28', 'ML', 20, '1360.00', -15, '1156.00'),
(164, 'F60p/1x60x13', 9, 35, '1.00', 60, 13, 40, '0', '0', 0, 0, '../images/Frisette.png', '0.060', '0.001', 'Bois profile à peindre', 'Frisette F60', 'M2', 32, '20418.00', -15, '17355.30'),
(165, 'P60p/1x60x26', 9, 40, '1.00', 60, 26, 30, '0', '0', 0, 0, '../images/Parquet.png', '0.060', '0.002', 'Bois profile à peindre', 'Parquet P60', 'M2', 35, '26747.00', -15, '22734.95'),
(167, 'F86p/1x86x13', 9, 36, '1.00', 86, 13, 28, '0', '0', 0, 0, '../images/Frisette.png', '0.086', '0.001', 'Bois profile à peindre', 'Frisette F86', 'M2', 31, '19139.00', -15, '16268.15'),
(168, 'P86p/1x86x26', 9, 41, '1.00', 86, 26, 20, '0', '0', 0, 0, '../images/Parquet.png', '0.086', '0.002', 'Bois profile à peindre', 'Parquet P86', 'M2', 34, '25523.00', -15, '21694.55'),
(170, 'F110p/1x110x13', 9, 37, '1.00', 110, 13, 24, '0', '0', 0, 0, '../images/Frisette.png', '0.110', '0.001', 'Bois profile à peindre', 'Frisette F110', 'M2', 30, '17812.00', -15, '15140.20'),
(171, 'F60p/0.75x60x13', 9, 35, '0.75', 60, 13, 40, '0', '0', 0, 0, '../images/Frisette.png', '0.045', '0.001', 'Bois profile à peindre', 'Frisette F60', 'M2', 32, '20418.00', -15, '17355.30'),
(172, 'P60p/0.75x60x26', 9, 40, '0.75', 60, 26, 30, '0', '0', 0, 0, '../images/Parquet.png', '0.045', '0.001', 'Bois profile à peindre', 'Parquet P60', 'M2', 35, '26747.00', -15, '22734.95'),
(173, 'F86p/0.75x86x13', 9, 36, '0.75', 86, 13, 28, '0', '0', 0, 0, '../images/Frisette.png', '0.065', '0.001', 'Bois profile à peindre', 'Frisette F86', 'M2', 31, '19139.00', -15, '16268.15'),
(174, 'P86p/0.75x86x26', 9, 41, '0.75', 86, 26, 20, '0', '0', 0, 0, '../images/Parquet.png', '0.065', '0.002', 'Bois profile à peindre', 'Parquet P86', 'M2', 34, '25523.00', -15, '21694.55'),
(175, 'F110p/0.75x110x13', 9, 37, '0.75', 110, 13, 24, '0', '0', 0, 0, '../images/Frisette.png', '0.083', '0.001', 'Bois profile à peindre', 'Frisette F110', 'M2', 30, '17812.00', -15, '15140.20'),
(176, 'F60p/0.5x60x13', 9, 35, '0.50', 60, 13, 40, '0', '0', 0, 0, '../images/Frisette.png', '0.030', '0.000', 'Bois profile à peindre', 'Frisette F60', 'M2', 32, '20418.00', -15, '17355.30'),
(177, 'P60p/0.5x60x26', 9, 40, '0.50', 60, 26, 30, '0', '0', 0, 0, '../images/Parquet.png', '0.030', '0.001', 'Bois profile à peindre', 'Parquet P60', 'M2', 35, '26747.00', -15, '22734.95'),
(178, 'F86p/0.5x86x13', 9, 36, '0.50', 86, 13, 28, '0', '0', 0, 0, '../images/Frisette.png', '0.043', '0.001', 'Bois profile à peindre', 'Frisette F86', 'M2', 31, '19139.00', -15, '16268.15'),
(179, 'P86p/0.5x86x26', 9, 41, '0.50', 86, 26, 20, '0', '0', 0, 0, '../images/Parquet.png', '0.043', '0.001', 'Bois profile à peindre', 'Parquet P86', 'M2', 34, '25523.00', -15, '21694.55'),
(180, 'F110p/0.5x110x13', 9, 37, '0.50', 110, 13, 24, '0', '0', 0, 0, '../images/Frisette.png', '0.055', '0.001', 'Bois profile à peindre', 'Frisette F110', 'M2', 30, '17812.00', -15, '15140.20'),
(181, 'G28v/2.5x28x28', 3, 15, '2.50', 28, 28, 40, '0', '0', 0, 0, '../images/Gorge.png', '2.500', '0.002', 'Bois profile à vernir', 'Gorge G28', 'ML', 20, '1360.00', 0, '1360.00'),
(182, 'CJ40v/2.5x40x14', 3, 18, '2.50', 40, 14, 40, '0', '0', 0, 0, '../images/Couvre-joint.png', '2.500', '0.001', 'Bois profile à vernir', 'Couvre joint CJ40', 'ML', 20, '1360.00', 0, '1360.00'),
(183, 'F60v/2.5x60x13', 3, 7, '2.50', 60, 13, 20, '0', '0', 0, 0, '../images/Frisette.png', '0.150', '0.002', 'Bois profile à vernir', 'Frisette F60', 'M2', 32, '20418.00', 0, '20418.00'),
(184, 'P60v/2.5x60x26', 3, 13, '2.50', 60, 26, 12, '0', '0', 0, 0, '../images/Parquet.png', '0.150', '0.004', 'Bois profile à vernir', 'Parquet P60', 'M2', 35, '26747.00', 0, '26747.00'),
(185, 'Pt60v/2.5x60x14', 3, 16, '2.50', 60, 14, 30, '0', '0', 0, 0, '../images/Plinthe.png', '0.000', '0.002', 'Bois profile à vernir', 'Plinthe PL60', 'ML', 20, '1360.00', 0, '1360.00'),
(186, 'F86v/2.5x86x13', 3, 8, '2.50', 86, 13, 14, '0', '0', 0, 0, '../images/Frisette.png', '0.215', '0.003', 'Bois profile à vernir', 'Frisette F86', 'M2', 31, '19139.00', 0, '19139.00'),
(187, 'P86v/2.5x86x26', 3, 14, '2.50', 86, 26, 8, '0', '0', 0, 0, '../images/Parquet.png', '0.215', '0.006', 'Bois profile à vernir', 'Parquet P86', 'M2', 34, '25523.00', 0, '25523.00'),
(188, 'CA90v/2.5x90x25', 3, 22, '2.50', 90, 25, 8, '0', '0', 0, 0, NULL, '2.500', '0.006', 'Bois profile à vernir', 'Caillebotis', 'ML', 23, '2195.00', 0, '2195.00'),
(189, 'Pt90v/2.5x90x14', 3, 17, '2.50', 90, 14, 20, '0', '0', 0, 0, '../images/Plinthe.png', '2.500', '0.003', 'Bois profile à vernir', 'Plinthe PL90', 'ML', 21, '1577.00', 0, '1577.00'),
(190, 'F110v/2.5x110x13', 3, 9, '2.50', 110, 13, 12, '0', '0', 0, 0, '../images/Frisette.png', '0.275', '0.004', 'Bois profile à vernir', 'Frisette F110', 'M2', 30, '17812.00', 0, '17812.00'),
(191, 'G28v/2x28x28', 3, 15, '2.00', 28, 28, 50, '0', '0', 0, 0, '../images/Gorge.png', '2.000', '0.002', 'Bois profile à vernir', 'Gorge G28', 'ML', 20, '1360.00', 0, '1360.00'),
(192, 'CJ40v/2x40x14', 3, 18, '2.00', 40, 14, 50, '0', '0', 0, 0, '../images/Couvre-joint.png', '2.000', '0.001', 'Bois profile à vernir', 'Couvre joint CJ40', 'ML', 20, '1360.00', 0, '1360.00'),
(193, 'F60v/2x60x13', 3, 7, '2.00', 60, 13, 20, '0', '0', 0, 0, '../images/Frisette.png', '0.120', '0.002', 'Bois profile à vernir', 'Frisette F60', 'M2', 32, '20418.00', 0, '20418.00'),
(194, 'P60v/2x60x26', 3, 13, '2.00', 60, 26, 15, '0', '0', 0, 0, '../images/Parquet.png', '0.120', '0.003', 'Bois profile à vernir', 'Parquet P60', 'M2', 35, '26747.00', 0, '26747.00'),
(195, 'Pt60v/2x60x14', 3, 16, '2.00', 60, 14, 30, '0', '0', 0, 0, '../images/Plinthe.png', '0.000', '0.002', 'Bois profile à vernir', 'Plinthe PL60', 'ML', 20, '1360.00', 0, '1360.00'),
(196, 'F86v/2x86x13', 3, 8, '2.00', 86, 13, 14, '0', '0', 0, 0, '../images/Frisette.png', '0.172', '0.002', 'Bois profile à vernir', 'Frisette F86', 'M2', 31, '19139.00', 0, '19139.00'),
(197, 'P86v/2x86x26', 3, 14, '2.00', 86, 26, 10, '0', '0', 0, 0, '../images/Parquet.png', '0.172', '0.004', 'Bois profile à vernir', 'Parquet P86', 'M2', 34, '25523.00', 0, '25523.00'),
(198, 'CA90v/2x90x25', 3, 22, '2.00', 90, 25, 10, '0', '0', 0, 0, NULL, '2.000', '0.005', 'Bois profile à vernir', 'Caillebotis', 'ML', 23, '2195.00', 0, '2195.00'),
(199, 'Pt90v/2x90x14', 3, 17, '2.00', 90, 14, 20, '0', '0', 0, 0, '../images/Plinthe.png', '2.000', '0.003', 'Bois profile à vernir', 'Plinthe PL90', 'ML', 21, '1577.00', 0, '1577.00'),
(200, 'F110v/2x110x13', 3, 9, '2.00', 110, 13, 12, '0', '0', 0, 0, '../images/Frisette.png', '0.220', '0.003', 'Bois profile à vernir', 'Frisette F110', 'M2', 30, '17812.00', 0, '17812.00'),
(201, 'G28v/1.5x28x28', 3, 15, '1.50', 28, 28, 50, '0', '0', 0, 0, '../images/Gorge.png', '1.500', '0.001', 'Bois profile à vernir', 'Gorge G28', 'ML', 20, '1360.00', 0, '1360.00'),
(203, 'F60v/1.5x60x13', 3, 7, '1.50', 60, 13, 20, '0', '0', 0, 0, '../images/Frisette.png', '0.090', '0.001', 'Bois profile à vernir', 'Frisette F60', 'M2', 32, '20418.00', 0, '20418.00'),
(204, 'P60v/1.5x60x26', 3, 13, '1.50', 60, 26, 21, '0', '0', 0, 0, '../images/Parquet.png', '0.090', '0.002', 'Bois profile à vernir', 'Parquet P60', 'M2', 35, '26747.00', 0, '26747.00'),
(206, 'F86v/1.5x86x13', 3, 8, '1.50', 86, 13, 14, '0', '0', 0, 0, '../images/Frisette.png', '0.129', '0.002', 'Bois profile à vernir', 'Frisette F86', 'M2', 31, '19139.00', 0, '19139.00'),
(207, 'P86v/1.5x86x26', 3, 14, '1.50', 86, 26, 10, '0', '0', 0, 0, '../images/Parquet.png', '0.129', '0.003', 'Bois profile à vernir', 'Parquet P86', 'M2', 34, '25523.00', 0, '25523.00'),
(208, 'CA90v/1.5x90x25', 3, 22, '1.50', 90, 25, 10, '0', '0', 0, 0, NULL, '1.500', '0.003', 'Bois profile à vernir', 'Caillebotis', 'ML', 23, '2195.00', 0, '2195.00'),
(210, 'F110v/1.5x110x13', 3, 9, '1.50', 110, 13, 12, '0', '0', 0, 0, '../images/Frisette.png', '0.165', '0.002', 'Bois profile à vernir', 'Frisette F110', 'M2', 30, '17812.00', 0, '17812.00'),
(211, 'G28v/1x28x28', 3, 15, '1.00', 28, 28, 100, '0', '0', 0, 0, '../images/Gorge.png', '1.000', '0.001', 'Bois profile à vernir', 'Gorge G28', 'ML', 20, '1360.00', 0, '1360.00'),
(213, 'F60v/1x60x13', 3, 7, '1.00', 60, 13, 40, '0', '0', 0, 0, '../images/Frisette.png', '0.060', '0.001', 'Bois profile à vernir', 'Frisette F60', 'M2', 32, '20418.00', 0, '20418.00'),
(214, 'P60v/1x60x26', 3, 13, '1.00', 60, 26, 30, '0', '0', 0, 0, '../images/Parquet.png', '0.060', '0.002', 'Bois profile à vernir', 'Parquet P60', 'M2', 35, '26747.00', 0, '26747.00'),
(216, 'F86v/1x86x13', 3, 8, '1.00', 86, 13, 28, '0', '0', 0, 0, '../images/Frisette.png', '0.086', '0.001', 'Bois profile à vernir', 'Frisette F86', 'M2', 31, '19139.00', 0, '19139.00'),
(217, 'P86v/1x86x26', 3, 14, '1.00', 86, 26, 20, '0', '0', 0, 0, '../images/Parquet.png', '0.086', '0.002', 'Bois profile à vernir', 'Parquet P86', 'M2', 34, '25523.00', 0, '25523.00'),
(219, 'F110v/1x110x13', 3, 9, '1.00', 110, 13, 24, '0', '0', 0, 0, '../images/Frisette.png', '0.110', '0.001', 'Bois profile à vernir', 'Frisette F110', 'M2', 30, '17812.00', 0, '17812.00'),
(220, 'F60v/0.75x60x13', 3, 7, '0.75', 60, 13, 40, '0', '0', 0, 0, '../images/Frisette.png', '0.045', '0.001', 'Bois profile à vernir', 'Frisette F60', 'M2', 32, '20418.00', 0, '20418.00'),
(221, 'P60v/0.75x60x26', 3, 13, '0.75', 60, 26, 30, '0', '0', 0, 0, '../images/Parquet.png', '0.045', '0.001', 'Bois profile à vernir', 'Parquet P60', 'M2', 35, '26747.00', 0, '26747.00'),
(222, 'F86v/0.75x86x13', 3, 8, '0.75', 86, 13, 28, '0', '0', 0, 0, '../images/Frisette.png', '0.065', '0.001', 'Bois profile à vernir', 'Frisette F86', 'M2', 31, '19139.00', 0, '19139.00'),
(223, 'P86v/0.75x86x26', 3, 14, '0.75', 86, 26, 20, '0', '0', 0, 0, '../images/Parquet.png', '0.065', '0.002', 'Bois profile à vernir', 'Parquet P86', 'M2', 34, '25523.00', 0, '25523.00'),
(224, 'F110v/0.75x110x13', 3, 9, '0.75', 110, 13, 24, '0', '0', 0, 0, '../images/Frisette.png', '0.083', '0.001', 'Bois profile à vernir', 'Frisette F110', 'M2', 30, '17812.00', 0, '17812.00'),
(225, 'F60v/0.5x60x13', 3, 7, '0.50', 60, 13, 40, '0', '0', 0, 0, '../images/Frisette.png', '0.030', '0.000', 'Bois profile à vernir', 'Frisette F60', 'M2', 32, '20418.00', 0, '20418.00'),
(226, 'P60v/0.5x60x26', 3, 13, '0.50', 60, 26, 30, '0', '0', 0, 0, '../images/Parquet.png', '0.030', '0.001', 'Bois profile à vernir', 'Parquet P60', 'M2', 35, '26747.00', 0, '26747.00'),
(227, 'F86v/0.5x86x13', 3, 8, '0.50', 86, 13, 28, '0', '0', 0, 0, '../images/Frisette.png', '0.043', '0.001', 'Bois profile à vernir', 'Frisette F86', 'M2', 31, '19139.00', 0, '19139.00'),
(228, 'P86v/0.5x86x26', 3, 14, '0.50', 86, 26, 20, '0', '0', 0, 0, '../images/Parquet.png', '0.043', '0.001', 'Bois profile à vernir', 'Parquet P86', 'M2', 34, '25523.00', 0, '25523.00'),
(229, 'F110v/0.5x110x13', 3, 9, '0.50', 110, 13, 24, '0', '0', 0, 0, '../images/Frisette.png', '0.055', '0.001', 'Bois profile à vernir', 'Frisette F110', 'M2', 30, '17812.00', 0, '17812.00'),
(230, 'LC/6x180x65', 6, 29, '6.00', 180, 65, 0, '0', '0', 0, 0, NULL, '0.070', '0.070', 'Lamelle-colle', 'Lamellé collé 65', 'M3', 14, '1450000.00', 0, '1450000.00'),
(231, 'LC/6x225x65', 6, 29, '6.00', 225, 65, 0, '0', '0', 0, 0, NULL, '0.088', '0.088', 'Lamelle-colle', 'Lamellé collé 65', 'M3', 14, '1450000.00', 0, '1450000.00'),
(232, 'LC/6x180x90', 6, 30, '6.00', 180, 90, 0, '0', '0', 0, 0, NULL, '0.097', '0.097', 'Lamelle-colle', 'Lamellé collé 90', 'M3', 13, '1300000.00', 0, '1300000.00'),
(233, 'LC/6.5x225x90', 6, 30, '6.00', 225, 90, 0, '0', '0', 0, 0, NULL, '0.122', '0.122', 'Lamelle-colle', 'Lamellé collé 90', 'M3', 13, '1300000.00', 0, '1300000.00'),
(234, 'LC/6x225x90', 6, 30, '6.00', 225, 90, 0, '0', '0', 0, 0, NULL, '0.122', '0.122', 'Lamelle-colle', 'Lamellé collé 90', 'M3', 13, '1300000.00', 0, '1300000.00'),
(235, 'LC/5x225x90', 6, 30, '5.00', 225, 90, 0, '0', '0', 0, 0, NULL, '0.101', '0.101', 'Lamelle-colle', 'Lamellé collé 90', 'M3', 13, '1300000.00', 0, '1300000.00'),
(236, 'LC/4x225x90', 6, 30, '4.00', 225, 90, 0, '0', '0', 0, 0, NULL, '0.081', '0.081', 'Lamelle-colle', 'Lamellé collé 90', 'M3', 13, '1300000.00', 0, '1300000.00'),
(237, 'LC/8x315x115', 6, 31, '8.00', 315, 115, 0, '0', '0', 0, 0, NULL, '0.290', '0.290', 'Lamelle-colle', 'Lamellé collé 115', 'M3', 13, '1300000.00', 0, '1300000.00'),
(238, 'LC/6x225x115', 6, 31, '6.00', 225, 115, 0, '0', '0', 0, 0, NULL, '0.155', '0.155', 'Lamelle-colle', 'Lamellé collé 115', 'M3', 13, '1300000.00', 0, '1300000.00'),
(239, 'BR/5x160', 7, 32, '6.00', 0, 0, 0, '160', '0', 0, 0, '../images/Rond.png', '6.000', '0.121', 'Bois rond', 'Bois Rond', 'ML', 26, '3859.00', 0, '3859.00'),
(240, 'BR/6x120', 7, 32, '6.00', 0, 0, 0, '120', '0', 0, 0, '../images/Rond.png', '6.000', '0.068', 'Bois rond', 'Bois Rond', 'ML', 24, '2205.00', 0, '2205.00'),
(241, 'BR/6x140', 7, 32, '6.00', 0, 0, 0, '140', '0', 0, 0, '../images/Rond.png', '6.000', '0.092', 'Bois rond', 'Bois Rond', 'ML', 25, '2835.00', 0, '2835.00'),
(242, 'BR/6x160', 7, 32, '6.00', 0, 0, 0, '160', '0', 0, 0, '../images/Rond.png', '6.000', '0.121', 'Bois rond', 'Bois Rond', 'ML', 26, '3859.00', 0, '3859.00'),
(243, 'BR/5x120', 7, 32, '5.00', 0, 0, 0, '120', '0', 0, 0, '../images/Rond.png', '5.000', '0.057', 'Bois rond', 'Bois Rond', 'ML', 24, '2205.00', 0, '2205.00'),
(244, 'BR/5x140', 7, 32, '5.00', 0, 0, 0, '140', '0', 0, 0, '../images/Rond.png', '5.000', '0.077', 'Bois rond', 'Bois Rond', 'ML', 25, '2835.00', 0, '2835.00'),
(245, 'BR/4x100', 7, 32, '4.00', 0, 0, 0, '100', '0', 0, 0, '../images/Rond.png', '4.000', '0.031', 'Bois rond', 'Bois Rond', 'ML', 22, '1733.00', 0, '1733.00'),
(246, 'BR/4x120', 7, 32, '4.00', 0, 0, 0, '120', '0', 0, 0, '../images/Rond.png', '4.000', '0.045', 'Bois rond', 'Bois Rond', 'ML', 24, '2205.00', 0, '2205.00'),
(247, 'BR/4x140', 7, 32, '4.00', 0, 0, 0, '140', '0', 0, 0, '../images/Rond.png', '4.000', '0.062', 'Bois rond', 'Bois Rond', 'ML', 25, '2835.00', 0, '2835.00'),
(248, 'BR/4x160', 7, 32, '4.00', 0, 0, 0, '160', '0', 0, 0, '../images/Rond.png', '4.000', '0.080', 'Bois rond', 'Bois Rond', 'ML', 26, '3859.00', 0, '3859.00'),
(249, 'BR/4x80', 7, 32, '4.00', 0, 0, 0, '80', '0', 0, 0, '../images/Rond.png', '4.000', '0.020', 'Bois rond', 'Bois Rond', 'ML', 19, '1260.00', 0, '1260.00'),
(250, 'BR/2.5x100', 7, 32, '2.50', 0, 0, 0, '100', '0', 0, 0, '../images/Rond.png', '2.500', '0.020', 'Bois rond', 'Bois Rond', 'ML', 22, '1733.00', 0, '1733.00'),
(251, 'BR/2.5x60', 7, 32, '2.50', 0, 0, 0, '60', '0', 0, 0, '../images/Rond.png', '2.500', '0.007', 'Bois rond', 'Bois Rond', 'ML', 17, '893.00', 0, '893.00'),
(252, 'BR/2.5x70', 7, 32, '2.50', 0, 0, 0, '70', '0', 0, 0, '../images/Rond.png', '2.500', '0.010', 'Bois rond', 'Bois Rond', 'ML', 18, '1050.00', 0, '1050.00'),
(253, 'BR/2.5x80', 7, 32, '2.50', 0, 0, 0, '80', '0', 0, 0, '../images/Rond.png', '2.500', '0.013', 'Bois rond', 'Bois Rond', 'ML', 19, '1260.00', 0, '1260.00'),
(254, 'BR/2x100', 7, 32, '2.00', 0, 0, 0, '100', '0', 0, 0, '../images/Rond.png', '2.000', '0.016', 'Bois rond', 'Bois Rond', 'ML', 22, '1733.00', 0, '1733.00'),
(255, 'BR/2x40', 7, 32, '2.00', 0, 0, 0, '40', '0', 0, 0, '../images/Rond.png', '2.000', '0.003', 'Bois rond', 'Bois Rond', 'ML', 15, '717.00', 0, '717.00'),
(256, 'BR/2x50', 7, 32, '2.00', 0, 0, 0, '50', '0', 0, 0, '../images/Rond.png', '2.000', '0.004', 'Bois rond', 'Bois Rond', 'ML', 16, '735.00', 0, '735.00'),
(257, 'BR/2x60', 7, 32, '2.00', 0, 0, 0, '60', '0', 0, 0, '../images/Rond.png', '2.000', '0.006', 'Bois rond', 'Bois Rond', 'ML', 17, '893.00', 0, '893.00'),
(258, 'BR/2x70', 7, 32, '2.00', 0, 0, 0, '70', '0', 0, 0, '../images/Rond.png', '2.000', '0.008', 'Bois rond', 'Bois Rond', 'ML', 18, '1050.00', 0, '1050.00'),
(259, 'BR/2x80', 7, 32, '2.00', 0, 0, 0, '80', '0', 0, 0, '../images/Rond.png', '2.000', '0.010', 'Bois rond', 'Bois Rond', 'ML', 19, '1260.00', 0, '1260.00'),
(260, 'Px/2.5x320x18', 8, 50, '2.50', 320, 18, 0, '0', '0', 0, 0, NULL, '0.800', '0.014', 'Panneaux', 'Panneaux', 'U', 48, '24255.00', 0, '24255.00'),
(261, 'Px/2.5x320x25', 8, 50, '2.50', 320, 25, 0, '0', '0', 0, 0, NULL, '0.800', '0.020', 'Panneaux', 'Panneaux', 'U', 54, '27563.00', 0, '27563.00'),
(262, 'Px/2.5x460x18', 8, 50, '2.50', 460, 18, 0, '0', '0', 0, 0, NULL, '1.150', '0.021', 'Panneaux', 'Panneaux', 'U', 51, '31973.00', 0, '31973.00'),
(263, 'Px/2.5x460x25', 8, 50, '2.50', 460, 25, 0, '0', '0', 0, 0, NULL, '1.150', '0.029', 'Panneaux', 'Panneaux', 'U', 57, '37485.00', 0, '37485.00'),
(264, 'Px/2x320x18', 8, 50, '2.00', 320, 18, 0, '0', '0', 0, 0, NULL, '0.640', '0.012', 'Panneaux', 'Panneaux', 'U', 47, '19845.00', 0, '19845.00'),
(265, 'Px/2x320x25', 8, 50, '2.00', 320, 25, 0, '0', '0', 0, 0, NULL, '0.640', '0.016', 'Panneaux', 'Panneaux', 'U', 53, '22050.00', 0, '22050.00'),
(266, 'Px/2x460x18', 8, 50, '2.00', 460, 18, 0, '0', '0', 0, 0, NULL, '0.920', '0.017', 'Panneaux', 'Panneaux', 'U', 50, '26460.00', 0, '26460.00'),
(267, 'Px/2x460x25', 8, 50, '2.00', 460, 25, 0, '0', '0', 0, 0, NULL, '0.920', '0.023', 'Panneaux', 'Panneaux', 'U', 56, '30870.00', 0, '30870.00'),
(269, 'Cache-pot', 5, 51, '0.40', 0, 0, 0, '0', '0', 0, 0, NULL, '1.000', '1.000', 'Produit jardin', 'Produit de jardin', 'U', 100, '0.00', 0, '0.00'),
(270, 'Bac a fleurs', 5, 51, '0.10', 1, 0, 0, '0', '0', 0, 0, NULL, '1.000', '0.000', 'Produit jardin', 'Produit de jardin', 'U', 100, '0.00', 0, '0.00'),
(271, 'Banc', 5, 51, '0.00', 0, 0, 0, '0', '0', 0, 0, NULL, '1.000', '0.000', 'Produit jardin', 'Produit de jardin', 'U', 100, '0.00', 0, '0.00'),
(272, 'Chaise', 5, 51, '0.00', 0, 0, 0, '0', '0', 0, 0, NULL, '1.000', '0.000', 'Produit jardin', 'Produit de jardin', 'U', 100, '0.00', 0, '0.00'),
(273, 'Fauteuil', 5, 51, '0.00', 0, 0, 0, '0', '0', 0, 0, NULL, '1.000', '0.000', 'Produit jardin', 'Produit de jardin', 'U', 100, '0.00', 0, '0.00'),
(274, 'Poubelle', 5, 51, '0.00', 0, 0, 0, '0', '0', 0, 0, NULL, '1.000', '0.000', 'Produit jardin', 'Produit de jardin', 'U', 100, '0.00', 0, '0.00'),
(275, 'Table basse', 5, 51, '0.00', 0, 0, 0, '0', '0', 0, 0, NULL, '1.000', '0.000', 'Produit jardin', 'Produit de jardin', 'U', 100, '0.00', 0, '0.00'),
(276, 'Table de pique-nique', 5, 51, '0.00', 0, 0, 0, '0', '0', 0, 0, NULL, '1.000', '0.000', 'Produit jardin', 'Produit de jardin', 'U', 100, '0.00', 0, '0.00'),
(277, 'Tabouret', 5, 51, '0.00', 0, 0, 0, '0', '0', 0, 0, NULL, '1.000', '0.000', 'Produit jardin', 'Produit de jardin', 'U', 100, '0.00', 0, '0.00'),
(278, 'La/2,5x32x32', 1, 5, '2.50', 32, 32, 0, '0', '0', 0, 0, '../images/Chevron.png', '0.003', '0.003', 'Bois brut', 'Latte', 'M3', 12, '390000.00', 0, '390000.00'),
(279, 'La/2x32x32', 1, 5, '2.00', 32, 32, 0, '0', '0', 0, 0, '../images/Chevron.png', '0.002', '0.002', 'Bois brut', 'Latte', 'M3', 12, '390000.00', 0, '390000.00'),
(280, 'La/2x38x38', 1, 5, '2.00', 38, 38, 0, '0', '0', 0, 0, '../images/Chevron.png', '0.003', '0.003', 'Bois brut', 'Latte', 'M3', 11, '380000.00', 0, '380000.00'),
(281, 'Pl/1,5x75x19', 1, 1, '1.50', 75, 19, 0, '0', '0', 0, 0, '../images/Planche.png', '0.002', '0.002', 'Bois brut', 'Planche', 'M3', 4, '335000.00', 0, '335000.00'),
(282, 'Pl/1,5x100x19', 1, 1, '1.50', 100, 19, 0, '0', '0', 0, 0, '../images/Planche.png', '0.003', '0.003', 'Bois brut', 'Planche', 'M3', 3, '330000.00', 0, '330000.00'),
(283, 'Pl/1,5x125x19', 1, 1, '1.50', 125, 19, 0, '0', '0', 0, 0, '../images/Planche.png', '0.004', '0.004', 'Bois brut', 'Planche', 'M3', 3, '330000.00', 0, '330000.00'),
(284, 'Pl/1,5x125x25', 1, 1, '1.50', 125, 25, 0, '0', '0', 0, 0, '../images/Planche.png', '0.005', '0.005', 'Bois brut', 'Planche', 'M3', 1, '320000.00', 0, '320000.00'),
(285, 'Pl/1x75x19', 1, 1, '1.00', 75, 19, 0, '0', '0', 0, 0, '../images/Planche.png', '0.001', '0.001', 'Bois brut', 'Planche', 'M3', 4, '335000.00', 0, '335000.00'),
(286, 'Pl/1x100x19', 1, 1, '1.00', 100, 19, 0, '0', '0', 0, 0, '../images/Planche.png', '0.002', '0.002', 'Bois brut', 'Planche', 'M3', 3, '330000.00', 0, '330000.00'),
(287, 'Ba/1x100x32', 1, 1, '1.00', 100, 32, 0, '0', '0', 0, 0, '../images/Planche.png', '0.003', '0.003', 'Bois brut', 'Planche', 'M3', 1, '320000.00', 0, '320000.00'),
(288, 'Ba/1x125x32', 1, 1, '1.00', 125, 32, 0, '0', '0', 0, 0, '../images/Planche.png', '0.004', '0.004', 'Bois brut', 'Planche', 'M3', 1, '320000.00', 0, '320000.00'),
(289, 'Pl/1x125x25', 1, 1, '1.00', 125, 25, 0, '0', '0', 0, 0, '../images/Planche.png', '0.003', '0.003', 'Bois brut', 'Planche', 'M3', 1, '320000.00', 0, '320000.00'),
(290, 'Pl/0,75x75x19', 1, 1, '0.75', 75, 19, 0, '0', '0', 0, 0, '../images/Planche.png', '0.001', '0.001', 'Bois brut', 'Planche', 'M3', 4, '335000.00', 0, '335000.00'),
(291, 'Ba/0,75x75x32', 1, 1, '0.75', 75, 32, 0, '0', '0', 0, 0, '../images/Planche.png', '0.002', '0.002', 'Bois brut', 'Planche', 'M3', 2, '325000.00', 0, '325000.00'),
(292, 'Pl/0,75x75x25', 1, 1, '0.75', 75, 25, 0, '0', '0', 0, 0, '../images/Planche.png', '0.001', '0.001', 'Bois brut', 'Planche', 'M3', 2, '325000.00', 0, '325000.00'),
(293, 'Pl/0,75x100x19', 1, 1, '0.75', 100, 19, 0, '0', '0', 0, 0, '../images/Planche.png', '0.001', '0.001', 'Bois brut', 'Planche', 'M3', 3, '330000.00', 0, '330000.00'),
(294, 'BA/0,75x100x32', 1, 1, '0.75', 100, 32, 0, '0', '0', 0, 0, '../images/Planche.png', '0.002', '0.002', 'Bois brut', 'Planche', 'M3', 1, '320000.00', 0, '320000.00'),
(295, 'Pl/0,75x100x25', 1, 1, '0.75', 100, 25, 0, '0', '0', 0, 0, '../images/Planche.png', '0.002', '0.002', 'Bois brut', 'Planche', 'M3', 1, '320000.00', 0, '320000.00'),
(296, 'Pl/0,75x125x19', 1, 1, '0.75', 125, 19, 0, '0', '0', 0, 0, '../images/Planche.png', '0.002', '0.002', 'Bois brut', 'Planche', 'M3', 3, '330000.00', 0, '330000.00'),
(297, 'Ba/0,75x125x32', 1, 1, '0.75', 125, 32, 0, '0', '0', 0, 0, '../images/Planche.png', '0.003', '0.003', 'Bois brut', 'Planche', 'M3', 1, '320000.00', 0, '320000.00'),
(298, 'Pl/0,75x125x25', 1, 1, '0.75', 125, 25, 0, '0', '0', 0, 0, '../images/Planche.png', '0.002', '0.002', 'Bois brut', 'Planche', 'M3', 1, '320000.00', 0, '320000.00'),
(299, 'Pl/2,5x75x19', 1, 1, '2.50', 75, 19, 0, '0', '0', 0, 0, '../images/Planche.png', '0.004', '0.004', 'Bois brut', 'Planche', 'M3', 4, '335000.00', 0, '335000.00'),
(300, 'Pl/2,5x100x19', 1, 1, '2.50', 100, 19, 0, '0', '0', 0, 0, '../images/Planche.png', '0.005', '0.005', 'Bois brut', 'Planche', 'M3', 3, '330000.00', 0, '330000.00'),
(301, 'Pl/2,5x125x19', 1, 1, '2.50', 125, 19, 0, '0', '0', 0, 0, '../images/Planche.png', '0.006', '0.006', 'Bois brut', 'Planche', 'M3', 3, '330000.00', 0, '330000.00'),
(302, 'Pl/2x75x19', 1, 1, '2.00', 75, 19, 0, '0', '0', 0, 0, '../images/Planche.png', '0.003', '0.003', 'Bois brut', 'Planche', 'M3', 4, '335000.00', 0, '335000.00'),
(303, 'Pl/2x100x19', 1, 1, '2.00', 100, 19, 0, '0', '0', 0, 0, '../images/Planche.png', '0.004', '0.004', 'Bois brut', 'Planche', 'M3', 3, '330000.00', 0, '330000.00'),
(304, 'Ba/2x100x32', 1, 3, '2.00', 100, 32, 0, '0', '0', 0, 0, '../images/Planche.png', '0.006', '0.006', 'Bois brut', 'Battant', 'M3', 1, '320000.00', 0, '320000.00'),
(305, 'Pl/2x125x19', 1, 1, '2.00', 125, 19, 0, '0', '0', 0, 0, '../images/Planche.png', '0.005', '0.005', 'Bois brut', 'Planche', 'M3', 3, '330000.00', 0, '330000.00'),
(306, 'Pl/2x125x25', 1, 1, '2.00', 125, 25, 0, '0', '0', 0, 0, '../images/Planche.png', '0.006', '0.006', 'Bois brut', 'Planche', 'M3', 1, '320000.00', 0, '320000.00');
INSERT INTO `article` (`ID_A`, `DESIGNATION`, `ID_TYPE`, `ID_FAMILLE`, `LONGUEUR`, `LARGEUR`, `EPAISSEUR`, `U_Pqt`, `DIAMETRE`, `HAUTEUR`, `QTE_STO`, `QTE_MIN`, `CHEMIN_IMG`, `QTE`, `VOL`, `TYPE`, `FAMILLE`, `UNITE`, `ID_TARIF`, `PRIX_U`, `TX`, `PV_HT`) VALUES
(307, 'Ba/1,5x100x32', 1, 3, '1.50', 100, 32, 0, '0', '0', 0, 0, '../images/Planche.png', '0.005', '0.005', 'Bois brut', 'Battant', 'M3', 1, '320000.00', 0, '320000.00'),
(308, 'Ma/2x100x50', 1, 2, '2.00', 100, 50, 1, '0', '0', 0, 0, '../images/Madrier.png', '0.010', '0.010', 'Bois brut', 'Madrier', 'M3', 1, '320000.00', 0, '320000.00'),
(309, 'Ma/2x100x63', 1, 2, '2.00', 100, 63, 1, '0', '0', 0, 0, '../images/Madrier.png', '0.013', '0.013', 'Bois brut', 'Madrier', 'M3', 4, '335000.00', 0, '335000.00'),
(310, 'Ma/2x100x75', 1, 2, '2.00', 100, 75, 1, '0', '0', 0, 0, '../images/Madrier.png', '0.015', '0.015', 'Bois brut', 'Madrier', 'M3', 4, '335000.00', 0, '335000.00'),
(311, 'Ma/2x125x50', 1, 2, '2.00', 125, 50, 1, '0', '0', 0, 0, '../images/Madrier.png', '0.013', '0.013', 'Bois brut', 'Madrier', 'M3', 4, '335000.00', 0, '335000.00'),
(312, 'Ma/2x125x63', 1, 2, '2.00', 125, 63, 1, '0', '0', 0, 0, '../images/Madrier.png', '0.016', '0.016', 'Bois brut', 'Madrier', 'M3', 4, '335000.00', 0, '335000.00'),
(313, 'Ma/2x125x75', 1, 2, '2.00', 125, 75, 1, '0', '0', 0, 0, '../images/Madrier.png', '0.019', '0.019', 'Bois brut', 'Madrier', 'M3', 4, '335000.00', 0, '335000.00'),
(314, 'Ma/2x150x50', 1, 2, '2.00', 150, 50, 1, '0', '0', 0, 0, '../images/Madrier.png', '0.015', '0.015', 'Bois brut', 'Madrier', 'M3', 4, '335000.00', 0, '335000.00'),
(315, 'Ma/2x150x63', 1, 2, '2.00', 150, 63, 1, '0', '0', 0, 0, '../images/Madrier.png', '0.019', '0.019', 'Bois brut', 'Madrier', 'M3', 4, '335000.00', 0, '335000.00'),
(316, 'Ma/2x150x75', 1, 2, '2.00', 150, 75, 1, '0', '0', 0, 0, '../images/Madrier.png', '0.023', '0.023', 'Bois brut', 'Madrier', 'M3', 4, '335000.00', 0, '335000.00'),
(317, 'Ma/2x175x50', 1, 2, '2.00', 175, 50, 1, '0', '0', 0, 0, '../images/Madrier.png', '0.018', '0.018', 'Bois brut', 'Madrier', 'M3', 4, '335000.00', 0, '335000.00'),
(318, 'Ma/2x175x63', 1, 2, '2.00', 175, 63, 1, '0', '0', 0, 0, '../images/Madrier.png', '0.022', '0.022', 'Bois brut', 'Madrier', 'M3', 4, '335000.00', 0, '335000.00'),
(319, 'Ma/2x175x75', 1, 2, '2.00', 175, 75, 1, '0', '0', 0, 0, '../images/Madrier.png', '0.026', '0.026', 'Bois brut', 'Madrier', 'M3', 4, '335000.00', 0, '335000.00'),
(320, 'Pl/2x100x25', 1, 1, '2.00', 100, 25, 1, '0', '0', 0, 0, '../images/Planche.png', '0.005', '0.005', 'Bois brut', 'Planche', 'M3', 1, '320000.00', 0, '320000.00'),
(321, 'Pl/2x100x32', 1, 1, '2.00', 100, 32, 1, '0', '0', 0, 0, '../images/Planche.png', '0.006', '0.006', 'Bois brut', 'Planche', 'M3', 1, '320000.00', 0, '320000.00'),
(322, 'Pl/2x125x25', 1, 1, '2.00', 125, 25, 1, '0', '0', 0, 0, '../images/Planche.png', '0.006', '0.006', 'Bois brut', 'Planche', 'M3', 1, '320000.00', 0, '320000.00'),
(323, 'Pl/2x125x32', 1, 1, '2.00', 125, 32, 1, '0', '0', 0, 0, '../images/Planche.png', '0.008', '0.008', 'Bois brut', 'Planche', 'M3', 1, '320000.00', 0, '320000.00'),
(324, 'Pl/1,5x150x19', 1, 1, '1.50', 150, 19, 0, '0', '0', 0, 0, '../images/Planche.png', '0.004', '0.004', 'Bois brut', 'Planche', 'M3', 3, '330000.00', 0, '330000.00'),
(325, 'Pl/1,5x75x25', 1, 1, '1.50', 75, 25, 0, '0', '0', 0, 0, '../images/Planche.png', '0.003', '0.003', 'Bois brut', 'Planche', 'M3', 2, '325000.00', 0, '325000.00'),
(326, 'Pl/1,5x100x25', 1, 1, '1.50', 100, 25, 0, '0', '0', 0, 0, '../images/Planche.png', '0.004', '0.004', 'Bois brut', 'Planche', 'M3', 1, '320000.00', 0, '320000.00'),
(327, 'Pl/1,5x150x25', 1, 1, '1.50', 150, 25, 0, '0', '0', 0, 0, '../images/Planche.png', '0.006', '0.006', 'Bois brut', 'Planche', 'M3', 1, '320000.00', 0, '320000.00'),
(328, 'Pl/1x125x19', 1, 1, '1.00', 125, 19, 0, '0', '0', 0, 0, '../images/Planche.png', '0.002', '0.002', 'Bois brut', 'Planche', 'M3', 3, '330000.00', 0, '330000.00'),
(329, 'Pl/1x150x19', 1, 1, '1.00', 150, 19, 0, '0', '0', 0, 0, '../images/Planche.png', '0.003', '0.003', 'Bois brut', 'Planche', 'M3', 3, '330000.00', 0, '330000.00'),
(330, 'Pl/1x75x25', 1, 1, '1.00', 75, 25, 0, '0', '0', 0, 0, '../images/Planche.png', '0.002', '0.002', 'Bois brut', 'Planche', 'M3', 2, '325000.00', 0, '325000.00'),
(331, 'Pl/1x100x25', 1, 1, '1.00', 100, 25, 0, '0', '0', 0, 0, '../images/Planche.png', '0.003', '0.003', 'Bois brut', 'Planche', 'M3', 1, '320000.00', 0, '320000.00'),
(332, 'Pl/1x150x25', 1, 1, '1.00', 150, 25, 0, '0', '0', 0, 0, '../images/Planche.png', '0.004', '0.004', 'Bois brut', 'Planche', 'M3', 1, '320000.00', 0, '320000.00'),
(333, 'Ba/1x75x32', 1, 3, '1.00', 75, 32, 0, '0', '0', 0, 0, '../images/Planche.png', '0.002', '0.002', 'Bois brut', 'Battant', 'M3', 2, '325000.00', 0, '325000.00'),
(334, 'Pl/0.75x150x19', 1, 1, '0.75', 150, 19, 0, '0', '0', 0, 0, '../images/Planche.png', '0.002', '0.002', 'Bois brut', 'Planche', 'M3', 3, '330000.00', 0, '330000.00'),
(335, 'Pl/0,75x150x25', 1, 1, '0.75', 150, 25, 0, '0', '0', 0, 0, '../images/Planche.png', '0.003', '0.003', 'Bois brut', 'Planche', 'M3', 1, '320000.00', 0, '320000.00'),
(336, 'Pl/2,5x150x19', 1, 1, '2.50', 150, 19, 0, '0', '0', 0, 0, '../images/Planche.png', '0.007', '0.007', 'Bois brut', 'Planche', 'M3', 3, '330000.00', 0, '330000.00'),
(337, 'Pl/2x150x19', 1, 1, '2.00', 150, 19, 0, '0', '0', 0, 0, '../images/Planche.png', '0.006', '0.006', 'Bois brut', 'Planche', 'M3', 3, '330000.00', 0, '330000.00'),
(338, 'Pl/2x75x25', 1, 1, '2.00', 75, 25, 0, '0', '0', 0, 0, '../images/Planche.png', '0.004', '0.004', 'Bois brut', 'Planche', 'M3', 2, '325000.00', 0, '325000.00'),
(339, 'Pl/2x100x25', 1, 1, '2.00', 100, 25, 0, '0', '0', 0, 0, '../images/Planche.png', '0.005', '0.005', 'Bois brut', 'Planche', 'M3', 1, '320000.00', 0, '320000.00'),
(340, 'Pl/2x150x25', 1, 1, '2.00', 150, 25, 0, '0', '0', 0, 0, '../images/Planche.png', '0.008', '0.008', 'Bois brut', 'Planche', 'M3', 1, '320000.00', 0, '320000.00'),
(341, 'Ba/2x75x32', 1, 3, '2.00', 75, 32, 0, '0', '0', 0, 0, '../images/Planche.png', '0.005', '0.005', 'Bois brut', 'Battant', 'M3', 2, '325000.00', 0, '325000.00'),
(342, 'Ba/1,5x75x32', 1, 3, '1.50', 75, 32, 0, '0', '0', 0, 0, '../images/Planche.png', '0.004', '0.004', 'Bois brut', 'Battant', 'M3', 2, '325000.00', 0, '325000.00'),
(343, 'Pl/4.5x100x16', 1, 1, '4.50', 100, 16, 1, '0', '0', 0, 0, '../images/Planche.png', '0.007', '0.007', 'Bois brut', 'Planche', 'M3', 1, '320000.00', 25, '400000.00'),
(344, 'Pl/4.5x125x16', 1, 1, '4.50', 125, 16, 1, '0', '0', 0, 0, '../images/Planche.png', '0.009', '0.009', 'Bois brut', 'Planche', 'M3', 1, '320000.00', 25, '400000.00'),
(345, 'Pl/4.5x150x16', 1, 1, '4.50', 150, 16, 1, '0', '0', 0, 0, '../images/Planche.png', '0.011', '0.011', 'Bois brut', 'Planche', 'M3', 1, '320000.00', 25, '400000.00'),
(346, 'Pl/4.5x175x16', 1, 1, '4.50', 175, 16, 1, '0', '0', 0, 0, '../images/Planche.png', '0.013', '0.013', 'Bois brut', 'Planche', 'M3', 4, '335000.00', 25, '418750.00'),
(347, 'Pl/4.5x100x19', 1, 1, '4.50', 100, 19, 1, '0', '0', 0, 0, '../images/Planche.png', '0.009', '0.009', 'Bois brut', 'Planche', 'M3', 1, '320000.00', 25, '400000.00'),
(348, 'Pl/4.5x125x19', 1, 1, '4.50', 125, 19, 1, '0', '0', 0, 0, '../images/Planche.png', '0.011', '0.011', 'Bois brut', 'Planche', 'M3', 1, '320000.00', 25, '400000.00'),
(349, 'Pl/4.5x150x19', 1, 1, '4.50', 150, 19, 1, '0', '0', 0, 0, '../images/Planche.png', '0.013', '0.013', 'Bois brut', 'Planche', 'M3', 1, '320000.00', 25, '400000.00'),
(350, 'Pl/4.5x175x19', 1, 1, '4.50', 175, 19, 1, '0', '0', 0, 0, '../images/Planche.png', '0.015', '0.015', 'Bois brut', 'Planche', 'M3', 4, '335000.00', 25, '418750.00'),
(351, 'Pl/4.5x100x22', 1, 1, '4.50', 100, 22, 1, '0', '0', 0, 0, '../images/Planche.png', '0.010', '0.010', 'Bois brut', 'Planche', 'M3', 1, '320000.00', 25, '400000.00'),
(352, 'Pl/4.5x125x22', 1, 1, '4.50', 125, 22, 1, '0', '0', 0, 0, '../images/Planche.png', '0.012', '0.012', 'Bois brut', 'Planche', 'M3', 1, '320000.00', 25, '400000.00'),
(353, 'Pl/4.5x150x22', 1, 1, '4.50', 150, 22, 1, '0', '0', 0, 0, '../images/Planche.png', '0.015', '0.015', 'Bois brut', 'Planche', 'M3', 1, '320000.00', 25, '400000.00'),
(354, 'Pl/4.5x175x22', 1, 1, '4.50', 175, 22, 1, '0', '0', 0, 0, '../images/Planche.png', '0.017', '0.017', 'Bois brut', 'Planche', 'M3', 4, '335000.00', 25, '418750.00'),
(355, 'Pl/4.5x100x25', 1, 1, '4.50', 100, 25, 1, '0', '0', 0, 0, '../images/Planche.png', '0.011', '0.011', 'Bois brut', 'Planche', 'M3', 1, '320000.00', 25, '400000.00'),
(356, 'Pl/4.5x125x25', 1, 1, '4.50', 125, 25, 1, '0', '0', 0, 0, '../images/Planche.png', '0.014', '0.014', 'Bois brut', 'Planche', 'M3', 1, '320000.00', 25, '400000.00'),
(357, 'Pl/4.5x150x25', 1, 1, '4.50', 150, 25, 1, '0', '0', 0, 0, '../images/Planche.png', '0.017', '0.017', 'Bois brut', 'Planche', 'M3', 1, '320000.00', 25, '400000.00'),
(358, 'Pl/4.5x175x25', 1, 1, '4.50', 175, 25, 1, '0', '0', 0, 0, '../images/Planche.png', '0.020', '0.020', 'Bois brut', 'Planche', 'M3', 4, '335000.00', 25, '418750.00'),
(359, 'Pl/4x100x16', 1, 1, '4.00', 100, 16, 1, '0', '0', 0, 0, '../images/Planche.png', '0.006', '0.006', 'Bois brut', 'Planche', 'M3', 1, '320000.00', 0, '320000.00'),
(360, 'Pl/4x125x16', 1, 1, '4.00', 125, 16, 1, '0', '0', 0, 0, '../images/Planche.png', '0.008', '0.008', 'Bois brut', 'Planche', 'M3', 1, '320000.00', 0, '320000.00'),
(361, 'Pl/4x150x16', 1, 1, '4.00', 150, 16, 1, '0', '0', 0, 0, '../images/Planche.png', '0.010', '0.010', 'Bois brut', 'Planche', 'M3', 1, '320000.00', 0, '320000.00'),
(362, 'Pl/4x175x16', 1, 1, '4.00', 175, 16, 1, '0', '0', 0, 0, '../images/Planche.png', '0.011', '0.011', 'Bois brut', 'Planche', 'M3', 4, '335000.00', 0, '335000.00'),
(363, 'Pl/4x100x19', 1, 1, '4.00', 100, 19, 1, '0', '0', 0, 0, '../images/Planche.png', '0.008', '0.008', 'Bois brut', 'Planche', 'M3', 1, '320000.00', 0, '320000.00'),
(364, 'Pl/4x125x19', 1, 1, '4.00', 125, 19, 1, '0', '0', 0, 0, '../images/Planche.png', '0.010', '0.010', 'Bois brut', 'Planche', 'M3', 1, '320000.00', 0, '320000.00'),
(365, 'Pl/4x150x19', 1, 1, '4.00', 150, 19, 1, '0', '0', 0, 0, '../images/Planche.png', '0.011', '0.011', 'Bois brut', 'Planche', 'M3', 1, '320000.00', 0, '320000.00'),
(366, 'Pl/4x175x19', 1, 1, '4.00', 175, 19, 1, '0', '0', 0, 0, '../images/Planche.png', '0.013', '0.013', 'Bois brut', 'Planche', 'M3', 4, '335000.00', 0, '335000.00'),
(367, 'Pl/2,5x100x16', 1, 1, '2.50', 100, 16, 1, '0', '0', 0, 0, '../images/Planche.png', '0.004', '0.004', 'Bois brut', 'Planche', 'M3', 1, '320000.00', 0, '320000.00'),
(368, 'Pl/2,5x125x16', 1, 1, '2.50', 125, 16, 1, '0', '0', 0, 0, '../images/Planche.png', '0.005', '0.005', 'Bois brut', 'Planche', 'M3', 1, '320000.00', 0, '320000.00'),
(369, 'Pl/2,5x150x16', 1, 1, '2.50', 150, 16, 1, '0', '0', 0, 0, '../images/Planche.png', '0.006', '0.006', 'Bois brut', 'Planche', 'M3', 1, '320000.00', 0, '320000.00'),
(370, 'Pl/2,5x175x16', 1, 1, '2.50', 175, 16, 1, '0', '0', 0, 0, '../images/Planche.png', '0.007', '0.007', 'Bois brut', 'Planche', 'M3', 4, '335000.00', 0, '335000.00'),
(371, 'Pl/2,5x100x19', 1, 1, '2.50', 100, 19, 1, '0', '0', 0, 0, '../images/Planche.png', '0.005', '0.005', 'Bois brut', 'Planche', 'M3', 1, '320000.00', 0, '320000.00'),
(372, 'Pl/2,5x125x19', 1, 1, '2.50', 125, 19, 1, '0', '0', 0, 0, '../images/Planche.png', '0.006', '0.006', 'Bois brut', 'Planche', 'M3', 1, '320000.00', 0, '320000.00'),
(373, 'Pl/2,5x150x19', 1, 1, '2.50', 150, 19, 1, '0', '0', 0, 0, '../images/Planche.png', '0.007', '0.007', 'Bois brut', 'Planche', 'M3', 1, '320000.00', 0, '320000.00'),
(374, 'Pl/2,5x175x19', 1, 1, '2.50', 175, 19, 1, '0', '0', 0, 0, '../images/Planche.png', '0.008', '0.008', 'Bois brut', 'Planche', 'M3', 4, '335000.00', 0, '335000.00'),
(375, 'Pl/2x150x16', 1, 1, '2.00', 150, 16, 1, '0', '0', 0, 0, '../images/Planche.png', '0.005', '0.005', 'Bois brut', 'Planche', 'M3', 1, '320000.00', 0, '320000.00'),
(376, 'Pl/2x175x16', 1, 1, '2.00', 175, 16, 1, '0', '0', 0, 0, '../images/Planche.png', '0.006', '0.006', 'Bois brut', 'Planche', 'M3', 4, '335000.00', 0, '335000.00'),
(377, 'Pl/2x150x19', 1, 1, '2.00', 150, 19, 1, '0', '0', 0, 0, '../images/Planche.png', '0.006', '0.006', 'Bois brut', 'Planche', 'M3', 1, '320000.00', 0, '320000.00'),
(378, 'Pl/2x175x19', 1, 1, '2.00', 175, 19, 1, '0', '0', 0, 0, '../images/Planche.png', '0.007', '0.007', 'Bois brut', 'Planche', 'M3', 4, '335000.00', 0, '335000.00'),
(379, 'Ma/2x100x50', 1, 2, '2.00', 100, 50, 1, '0', '0', 0, 0, '../images/Madrier.png', '0.010', '0.010', 'Bois brut', 'Madrier', 'M3', 4, '335000.00', 0, '335000.00'),
(380, 'Ma/2x125x50', 1, 2, '2.00', 125, 50, 1, '0', '0', 0, 0, '../images/Madrier.png', '0.013', '0.013', 'Bois brut', 'Madrier', 'M3', 4, '335000.00', 0, '335000.00'),
(381, 'Ma/2x150x50', 1, 2, '2.00', 150, 50, 1, '0', '0', 0, 0, '../images/Madrier.png', '0.015', '0.015', 'Bois brut', 'Madrier', 'M3', 4, '335000.00', 0, '335000.00'),
(382, 'Ma/2x175x50', 1, 2, '2.00', 175, 50, 1, '0', '0', 0, 0, '../images/Madrier.png', '0.018', '0.018', 'Bois brut', 'Madrier', 'M3', 4, '335000.00', 0, '335000.00'),
(383, 'Ma/2x100x63', 1, 2, '2.00', 100, 63, 1, '0', '0', 0, 0, '../images/Madrier.png', '0.013', '0.013', 'Bois brut', 'Madrier', 'M3', 4, '335000.00', 0, '335000.00'),
(384, 'Ma/2x125x63', 1, 2, '2.00', 125, 63, 1, '0', '0', 0, 0, '../images/Madrier.png', '0.016', '0.016', 'Bois brut', 'Madrier', 'M3', 4, '335000.00', 0, '335000.00'),
(385, 'Ma/2x150x63', 1, 2, '2.00', 150, 63, 1, '0', '0', 0, 0, '../images/Madrier.png', '0.019', '0.019', 'Bois brut', 'Madrier', 'M3', 4, '335000.00', 0, '335000.00'),
(386, 'Ma/2x175x63', 1, 2, '2.00', 175, 63, 1, '0', '0', 0, 0, '../images/Madrier.png', '0.022', '0.022', 'Bois brut', 'Madrier', 'M3', 4, '335000.00', 0, '335000.00'),
(387, 'Ma/2x100x75', 1, 2, '2.00', 100, 75, 1, '0', '0', 0, 0, '../images/Madrier.png', '0.015', '0.015', 'Bois brut', 'Madrier', 'M3', 4, '335000.00', 0, '335000.00'),
(388, 'Ma/2x125x75', 1, 2, '2.00', 125, 75, 1, '0', '0', 0, 0, '../images/Madrier.png', '0.019', '0.019', 'Bois brut', 'Madrier', 'M3', 4, '335000.00', 0, '335000.00'),
(389, 'Ma/2x150x75', 1, 2, '2.00', 150, 75, 1, '0', '0', 0, 0, '../images/Madrier.png', '0.023', '0.023', 'Bois brut', 'Madrier', 'M3', 4, '335000.00', 0, '335000.00'),
(390, 'Ma/2x175x75', 1, 2, '2.00', 175, 75, 1, '0', '0', 0, 0, '../images/Madrier.png', '0.026', '0.026', 'Bois brut', 'Madrier', 'M3', 4, '335000.00', 0, '335000.00'),
(391, 'Ma/2x100x50', 1, 2, '2.00', 100, 50, 0, '0', '0', 0, 0, '../images/Planche.png', '0.010', '0.010', 'Bois brut', 'Madrier', 'M3', 1, '320000.00', 0, '320000.00'),
(392, 'Ma/2x125x50', 1, 2, '2.00', 125, 50, 0, '0', '0', 0, 0, '../images/Planche.png', '0.008', '0.013', 'Bois brut', 'Madrier', 'M3', 1, '320000.00', 0, '320000.00'),
(393, 'Ma/2,5x100x50', 1, 2, '1.50', 100, 50, 0, '0', '0', 0, 0, '../images/Planche.png', '0.008', '0.008', 'Bois brut', 'Madrier', 'M3', 1, '320000.00', 0, '320000.00'),
(394, 'Ma/2,5x100x50', 1, 2, '1.00', 100, 50, 0, '0', '0', 0, 0, '../images/Planche.png', '0.005', '0.005', 'Bois brut', 'Madrier', 'M3', 1, '320000.00', 0, '320000.00'),
(395, 'Ma/2,5x100x50', 1, 2, '1.00', 125, 50, 0, '0', '0', 0, 0, '../images/Planche.png', '0.006', '0.006', 'Bois brut', 'Madrier', 'M3', 1, '320000.00', 0, '320000.00'),
(396, 'Ma/2,5x100x50', 1, 2, '0.75', 100, 50, 0, '0', '0', 0, 0, '../images/Planche.png', '0.004', '0.004', 'Bois brut', 'Madrier', 'M3', 1, '320000.00', 0, '320000.00'),
(397, 'Ma/2,5x100x50', 1, 2, '0.75', 125, 50, 0, '0', '0', 0, 0, '../images/Planche.png', '0.005', '0.005', 'Bois brut', 'Madrier', 'M3', 1, '320000.00', 0, '320000.00'),
(401, 'Pl/2,5x50x19', 1, 1, '2.50', 50, 19, 0, '0', '0', 0, 0, '../images/Planche.png', '0.002', '0.002', 'Bois brut', 'Planche', 'M3', 8, '355000.00', 0, '355000.00'),
(402, 'Pl/2,5x50x25', 1, 1, '2.50', 50, 25, 0, '0', '0', 0, 0, '../images/Planche.png', '0.003', '0.003', 'Bois brut', 'Planche', 'M3', 8, '355000.00', 0, '355000.00'),
(403, 'Pl/2,5x75x25', 1, 1, '2.50', 75, 25, 0, '0', '0', 0, 0, '../images/Planche.png', '0.005', '0.005', 'Bois brut', 'Planche', 'M3', 2, '325000.00', 0, '325000.00'),
(404, 'Pl/2,5x100x25', 1, 1, '2.50', 100, 25, 0, '0', '0', 0, 0, '../images/Planche.png', '0.006', '0.006', 'Bois brut', 'Planche', 'M3', 1, '320000.00', 0, '320000.00'),
(405, 'Pl/2,5x125x25', 1, 1, '2.50', 125, 25, 0, '0', '0', 0, 0, '../images/Planche.png', '0.008', '0.008', 'Bois brut', 'Planche', 'M3', 1, '320000.00', 0, '320000.00'),
(406, 'Pl/2,5x150x25', 1, 1, '2.50', 150, 25, 0, '0', '0', 0, 0, '../images/Planche.png', '0.009', '0.009', 'Bois brut', 'Planche', 'M3', 1, '320000.00', 0, '320000.00'),
(407, 'Ba/5x125x44', 1, 3, '5.00', 125, 44, 1, '0', '0', 0, 0, '../images/Battant.png', '0.021', '0.028', 'Bois brut', 'Battant', 'M3', 1, '320000.00', 35, '432000.00'),
(408, 'Ba/5.5x125x44', 1, 3, '5.50', 125, 44, 1, '0', '0', 0, 0, '../images/Battant.png', '0.030', '0.030', 'Bois brut', 'Battant', 'M3', 1, '320000.00', 50, '480000.00'),
(409, 'Ba/2.5x100x32', 1, 3, '2.50', 100, 32, 0, '0', '0', 0, 0, '../images/Planche.png', '0.006', '0.008', 'Bois brut', 'Battant', 'M3', 1, '320000.00', 0, '320000.00'),
(410, 'Ba/2.5x75x32', 1, 3, '2.50', 75, 32, 0, '0', '0', 0, 0, '../images/Planche.png', '0.005', '0.006', 'Bois brut', 'Battant', 'M3', 2, '325000.00', 0, '325000.00'),
(411, 'Ma/2.5x100x50', 1, 2, '2.50', 100, 50, 0, '0', '0', 0, 0, '../images/Planche.png', '0.010', '0.013', 'Bois brut', 'Madrier', 'M3', 1, '320000.00', 0, '320000.00'),
(412, 'Ma/2.5x125x50', 1, 2, '2.50', 125, 50, 0, '0', '0', 0, 0, '../images/Planche.png', '0.008', '0.016', 'Bois brut', 'Madrier', 'M3', 1, '320000.00', 0, '320000.00'),
(413, 'Ma/2.5x150x50', 1, 2, '2.50', 150, 50, 0, '0', '0', 0, 0, '../images/Planche.png', '0.015', '0.019', 'Bois brut', 'Madrier', 'M3', 1, '320000.00', 0, '320000.00'),
(414, 'Ma/2.5x175x50', 1, 2, '2.50', 175, 50, 0, '0', '0', 0, 0, '../images/Planche.png', '0.018', '0.022', 'Bois brut', 'Madrier', 'M3', 4, '335000.00', 0, '335000.00'),
(415, 'Ma/2.5x100x75', 1, 2, '2.50', 100, 75, 0, '0', '0', 0, 0, '../images/Planche.png', '0.010', '0.019', 'Bois brut', 'Madrier', 'M3', 1, '320000.00', 0, '320000.00'),
(416, 'Ma/2.5x125x75', 1, 2, '2.50', 125, 75, 0, '0', '0', 0, 0, '../images/Planche.png', '0.008', '0.023', 'Bois brut', 'Madrier', 'M3', 1, '320000.00', 0, '320000.00'),
(417, 'Ma/2.5x150x75', 1, 2, '2.50', 150, 75, 0, '0', '0', 0, 0, '../images/Planche.png', '0.015', '0.028', 'Bois brut', 'Madrier', 'M3', 1, '320000.00', 0, '320000.00'),
(418, 'Ma/2.5x175x75', 1, 2, '2.50', 175, 75, 0, '0', '0', 0, 0, '../images/Planche.png', '0.018', '0.033', 'Bois brut', 'Madrier', 'M3', 4, '335000.00', 0, '335000.00'),
(419, 'Ma/2x150x50', 1, 2, '2.00', 150, 50, 0, '0', '0', 0, 0, '../images/Planche.png', '0.015', '0.015', 'Bois brut', 'Madrier', 'M3', 1, '320000.00', 0, '320000.00'),
(420, 'Ma/2x175x50', 1, 2, '2.00', 175, 50, 0, '0', '0', 0, 0, '../images/Planche.png', '0.018', '0.018', 'Bois brut', 'Madrier', 'M3', 4, '335000.00', 0, '335000.00'),
(421, 'Dosse GM', 4, 23, '2.50', 0, 0, 0, '0', '0', 0, 0, NULL, '0.000', '0.000', 'Bois énergie', 'Dosse', 'ML', 1, '320000.00', 0, '320000.00'),
(422, 'Dosse PM', 4, 23, '2.50', 0, 0, 0, '0', '0', 0, 0, NULL, '0.000', '0.000', 'Bois énergie', 'Dosse', 'ML', 41, '550.00', 0, '550.00'),
(425, 'Ch/4x150x150', 1, 4, '4.00', 150, 150, 1, '0', '0', 10, 10, '../images/Chevron.png', '0.090', '0.000', 'Bois brut', 'Chevron', 'M3', 1, '320000.00', 0, '320000.00'),
(426, 'Kitay1', 4, 24, '1.00', 1, 0, 1, '0', '0', 0, 0, NULL, '1.000', '1.000', 'Bois énergie', 'Kitay', 'Stere', 43, '21000.00', 0, '21000.00'),
(427, 'BR 40', 7, 32, '0.00', 0, 0, 0, '40', '0', 0, 0, '../images/Rond.png', '0.000', '0.000', 'Bois rond', 'Bois Rond', 'ML', 15, '717.00', 0, '717.00'),
(428, 'BR 50', 7, 32, '0.00', 0, 0, 0, '50', '0', 0, 0, '../images/Rond.png', '0.000', '0.000', 'Bois rond', 'Bois Rond', 'ML', 16, '735.00', 0, '735.00'),
(429, 'BR 60', 7, 32, '0.00', 0, 0, 0, '60', '0', 0, 0, '../images/Rond.png', '0.000', '0.000', 'Bois rond', 'Bois Rond', 'ML', 17, '893.00', 0, '893.00'),
(430, 'BR70', 7, 32, '0.00', 0, 0, 0, '70', '0', 0, 0, '../images/Rond.png', '0.000', '0.000', 'Bois rond', 'Bois Rond', 'ML', 18, '1050.00', 0, '1050.00'),
(431, 'BR 80', 7, 32, '0.00', 0, 0, 0, '80', '0', 0, 0, '../images/Rond.png', '0.000', '0.000', 'Bois rond', 'Bois Rond', 'ML', 19, '1260.00', 0, '1260.00'),
(432, 'BR 100', 7, 32, '0.00', 0, 0, 0, '100', '0', 0, 0, '../images/Rond.png', '0.000', '0.000', 'Bois rond', 'Bois Rond', 'ML', 22, '1733.00', 0, '1733.00'),
(433, 'BR 120', 7, 32, '0.00', 0, 0, 0, '120', '0', 0, 0, '../images/Rond.png', '0.000', '0.000', 'Bois rond', 'Bois Rond', 'ML', 24, '2205.00', 0, '2205.00'),
(434, 'BR 140', 7, 32, '0.00', 0, 0, 0, '140', '0', 0, 0, '../images/Rond.png', '0.000', '0.000', 'Bois rond', 'Bois Rond', 'ML', 25, '2835.00', 0, '2835.00'),
(435, 'BR160', 7, 32, '0.00', 0, 0, 0, '160', '0', 0, 0, '../images/Rond.png', '0.000', '0.000', 'Bois rond', 'Bois Rond', 'ML', 26, '3859.00', 0, '3859.00'),
(436, 'Kitay2', 4, 24, '1.00', 1, 0, 1, '0', '0', 0, 0, NULL, '1.000', '1.000', 'Bois énergie', 'Kitay', 'Stere', 44, '22000.00', 0, '22000.00'),
(437, 'Kitay3', 4, 24, '1.00', 1, 0, 1, '0', '0', 0, 0, NULL, '1.000', '1.000', 'Bois énergie', 'Kitay', 'Stere', 45, '25000.00', 0, '25000.00'),
(438, 'BR/2x120', 7, 32, '2.00', 0, 0, 0, '100', '0', 0, 0, '../images/Rond.png', '2.000', '0.016', 'Bois rond', 'Bois Rond', 'ML', 22, '1733.00', 0, '1733.00'),
(439, 'BR/2x140', 7, 32, '2.00', 0, 0, 0, '100', '0', 0, 0, '../images/Rond.png', '2.000', '0.016', 'Bois rond', 'Bois Rond', 'ML', 22, '1733.00', 0, '1733.00'),
(440, 'BR/2x160', 7, 32, '2.00', 0, 0, 0, '100', '0', 0, 0, '../images/Rond.png', '2.000', '0.016', 'Bois rond', 'Bois Rond', 'ML', 22, '1733.00', 0, '1733.00'),
(441, 'BR/1.5x100', 7, 32, '1.50', 0, 0, 0, '100', '0', 0, 0, '../images/Rond.png', '2.000', '0.016', 'Bois rond', 'Bois Rond', 'ML', 22, '1733.00', 0, '1733.00'),
(442, 'BR/1x100', 7, 32, '1.00', 0, 0, 0, '100', '0', 0, 0, '../images/Rond.png', '2.000', '0.016', 'Bois rond', 'Bois Rond', 'ML', 22, '1733.00', 0, '1733.00'),
(443, 'BR/0.5x100', 7, 32, '0.50', 0, 0, 0, '100', '0', 0, 0, '../images/Rond.png', '2.000', '0.016', 'Bois rond', 'Bois Rond', 'ML', 22, '1733.00', 0, '1733.00'),
(444, 'BR/2.5x120', 7, 32, '2.50', 0, 0, 0, '120', '0', 0, 0, '../images/Rond.png', '2.000', '0.016', 'Bois rond', 'Bois Rond', 'ML', 24, '2205.00', 0, '2205.00'),
(445, 'BR/1.5x120', 7, 32, '1.50', 0, 0, 0, '120', '0', 0, 0, '../images/Rond.png', '2.000', '0.016', 'Bois rond', 'Bois Rond', 'ML', 24, '2205.00', 0, '2205.00'),
(446, 'BR/1x120', 7, 32, '1.00', 0, 0, 0, '120', '0', 0, 0, '../images/Rond.png', '2.000', '0.016', 'Bois rond', 'Bois Rond', 'ML', 24, '2205.00', 0, '2205.00'),
(447, 'BR/0.5x120', 7, 32, '0.50', 0, 0, 0, '120', '0', 0, 0, '../images/Rond.png', '2.000', '0.016', 'Bois rond', 'Bois Rond', 'ML', 24, '2205.00', 0, '2205.00'),
(448, 'BR/2.5x140', 7, 32, '2.50', 0, 0, 0, '140', '0', 0, 0, '../images/Rond.png', '2.000', '0.016', 'Bois rond', 'Bois Rond', 'ML', 25, '2835.00', 0, '2835.00'),
(449, 'BR/1.5x140', 7, 32, '1.50', 0, 0, 0, '140', '0', 0, 0, '../images/Rond.png', '2.000', '0.016', 'Bois rond', 'Bois Rond', 'ML', 25, '2835.00', 0, '2835.00'),
(450, 'BR/1x140', 7, 32, '1.00', 0, 0, 0, '140', '0', 0, 0, '../images/Rond.png', '2.000', '0.016', 'Bois rond', 'Bois Rond', 'ML', 25, '2835.00', 0, '2835.00'),
(451, 'BR/0.5x140', 7, 32, '0.50', 0, 0, 0, '140', '0', 0, 0, '../images/Rond.png', '2.000', '0.016', 'Bois rond', 'Bois Rond', 'ML', 25, '2835.00', 0, '2835.00'),
(452, 'BR/2.5x160', 7, 32, '2.50', 0, 0, 0, '160', '0', 0, 0, '../images/Rond.png', '2.000', '0.016', 'Bois rond', 'Bois Rond', 'ML', 26, '3859.00', 0, '3859.00'),
(453, 'BR/1.5x160', 7, 32, '1.50', 0, 0, 0, '160', '0', 0, 0, '../images/Rond.png', '2.000', '0.016', 'Bois rond', 'Bois Rond', 'ML', 26, '3859.00', 0, '3859.00'),
(454, 'BR/1x160', 7, 32, '1.00', 0, 0, 0, '160', '0', 0, 0, '../images/Rond.png', '2.000', '0.016', 'Bois rond', 'Bois Rond', 'ML', 26, '3859.00', 0, '3859.00'),
(455, 'BR/0.5x160', 7, 32, '0.50', 0, 0, 0, '160', '0', 0, 0, '../images/Rond.png', '2.000', '0.016', 'Bois rond', 'Bois Rond', 'ML', 26, '3859.00', 0, '3859.00'),
(456, 'BR/2.5x40', 7, 32, '2.50', 0, 0, 0, '40', '0', 0, 0, '../images/Rond.png', '2.000', '0.003', 'Bois rond', 'Bois Rond', 'ML', 15, '717.00', 0, '717.00'),
(457, 'BR/1.5x40', 7, 32, '1.50', 0, 0, 0, '40', '0', 0, 0, '../images/Rond.png', '2.000', '0.003', 'Bois rond', 'Bois Rond', 'ML', 15, '717.00', 0, '717.00'),
(458, 'BR/1x40', 7, 32, '1.00', 0, 0, 0, '40', '0', 0, 0, '../images/Rond.png', '2.000', '0.003', 'Bois rond', 'Bois Rond', 'ML', 15, '717.00', 0, '717.00'),
(459, 'BR/0.5x40', 7, 32, '0.50', 0, 0, 0, '40', '0', 0, 0, '../images/Rond.png', '2.000', '0.003', 'Bois rond', 'Bois Rond', 'ML', 15, '717.00', 0, '717.00'),
(460, 'BR/4x40', 7, 32, '0.50', 0, 0, 0, '40', '0', 0, 0, '../images/Rond.png', '2.000', '0.003', 'Bois rond', 'Bois Rond', 'ML', 15, '717.00', 0, '717.00'),
(461, 'BR/2.5x50', 7, 32, '2.50', 0, 0, 0, '50', '0', 0, 0, '../images/Rond.png', '2.000', '0.004', 'Bois rond', 'Bois Rond', 'ML', 16, '735.00', 0, '735.00'),
(462, 'BR/1.5x50', 7, 32, '1.50', 0, 0, 0, '50', '0', 0, 0, '../images/Rond.png', '2.000', '0.004', 'Bois rond', 'Bois Rond', 'ML', 16, '735.00', 0, '735.00'),
(463, 'BR/1x50', 7, 32, '1.00', 0, 0, 0, '50', '0', 0, 0, '../images/Rond.png', '2.000', '0.004', 'Bois rond', 'Bois Rond', 'ML', 16, '735.00', 0, '735.00'),
(464, 'BR/0.5x50', 7, 32, '0.50', 0, 0, 0, '50', '0', 0, 0, '../images/Rond.png', '2.000', '0.004', 'Bois rond', 'Bois Rond', 'ML', 16, '735.00', 0, '735.00'),
(465, 'BR/4x50', 7, 32, '0.50', 0, 0, 0, '50', '0', 0, 0, '../images/Rond.png', '2.000', '0.004', 'Bois rond', 'Bois Rond', 'ML', 16, '735.00', 0, '735.00'),
(466, 'BR/1.5x60', 7, 32, '1.50', 0, 0, 0, '60', '0', 0, 0, '../images/Rond.png', '2.000', '0.006', 'Bois rond', 'Bois Rond', 'ML', 17, '893.00', 0, '893.00'),
(467, 'BR/1x60', 7, 32, '1.00', 0, 0, 0, '60', '0', 0, 0, '../images/Rond.png', '2.000', '0.006', 'Bois rond', 'Bois Rond', 'ML', 17, '893.00', 0, '893.00'),
(468, 'BR/0.5x60', 7, 32, '0.50', 0, 0, 0, '60', '0', 0, 0, '../images/Rond.png', '2.000', '0.006', 'Bois rond', 'Bois Rond', 'ML', 17, '893.00', 0, '893.00'),
(469, 'BR/4x60', 7, 32, '0.50', 0, 0, 0, '60', '0', 0, 0, '../images/Rond.png', '2.000', '0.006', 'Bois rond', 'Bois Rond', 'ML', 17, '893.00', 0, '893.00'),
(470, 'BR/1.5x70', 7, 32, '1.50', 0, 0, 0, '70', '0', 0, 0, '../images/Rond.png', '2.000', '0.008', 'Bois rond', 'Bois Rond', 'ML', 18, '1050.00', 0, '1050.00'),
(471, 'BR/1x70', 7, 32, '1.00', 0, 0, 0, '70', '0', 0, 0, '../images/Rond.png', '2.000', '0.008', 'Bois rond', 'Bois Rond', 'ML', 18, '1050.00', 0, '1050.00'),
(472, 'BR/0.5x70', 7, 32, '0.50', 0, 0, 0, '70', '0', 0, 0, '../images/Rond.png', '2.000', '0.008', 'Bois rond', 'Bois Rond', 'ML', 18, '1050.00', 0, '1050.00'),
(473, 'BR/4x70', 7, 32, '0.50', 0, 0, 0, '70', '0', 0, 0, '../images/Rond.png', '2.000', '0.008', 'Bois rond', 'Bois Rond', 'ML', 18, '1050.00', 0, '1050.00'),
(474, 'BR/1.5x80', 7, 32, '1.50', 0, 0, 0, '80', '0', 0, 0, '../images/Rond.png', '2.000', '0.010', 'Bois rond', 'Bois Rond', 'ML', 19, '1260.00', 0, '1260.00'),
(475, 'BR/1x80', 7, 32, '1.00', 0, 0, 0, '80', '0', 0, 0, '../images/Rond.png', '2.000', '0.010', 'Bois rond', 'Bois Rond', 'ML', 19, '1260.00', 0, '1260.00'),
(476, 'BR/0.5x80', 7, 32, '0.50', 0, 0, 0, '80', '0', 0, 0, '../images/Rond.png', '2.000', '0.010', 'Bois rond', 'Bois Rond', 'ML', 19, '1260.00', 0, '1260.00'),
(477, 'Briquete', 4, 27, '0.00', 0, 0, 0, '0', '0', 0, 0, NULL, '0.000', '0.000', 'Bois énergie', 'Briquette', 'KG', 100, '0.00', 0, '0.00'),
(478, 'Charbon', 4, 26, '0.00', 0, 0, 0, '0', '0', 0, 0, NULL, '0.000', '0.000', 'Bois énergie', 'Charbon', 'KG', 100, '0.00', 0, '0.00'),
(479, 'CL105p/0.5x105x21', 9, 39, '0.50', 105, 21, 0, '0', '0', 0, 0, NULL, '0.500', '0.001', 'Bois profile à peindre', 'Clin CL105', 'ML', 33, '22976.00', -15, '19529.60'),
(480, 'CL105p/0.75x105x21', 9, 39, '5.00', 105, 21, 0, '0', '0', 0, 0, NULL, '5.000', '0.011', 'Bois profile à peindre', 'Clin CL105', 'ML', 33, '22976.00', -15, '19529.60'),
(481, 'CL105p/1.5x105x21', 9, 39, '1.50', 105, 21, 0, '0', '0', 0, 0, NULL, '1.500', '0.003', 'Bois profile à peindre', 'Clin CL105', 'ML', 33, '22976.00', -15, '19529.60'),
(482, 'CL105p/1x105x21', 9, 39, '1.00', 105, 21, 0, '0', '0', 0, 0, NULL, '1.000', '0.002', 'Bois profile à peindre', 'Clin CL105', 'ML', 33, '22976.00', -15, '19529.60'),
(483, 'CL105p/2.5x105x21', 9, 39, '2.50', 105, 21, 0, '0', '0', 0, 0, NULL, '2.500', '0.006', 'Bois profile à peindre', 'Clin CL105', 'ML', 33, '22976.00', -15, '19529.60'),
(484, 'CL105p/2.5x105x21', 9, 39, '2.50', 105, 21, 0, '0', '0', 0, 0, NULL, '2.500', '0.006', 'Bois profile à peindre', 'Clin CL105', 'ML', 33, '22976.00', -15, '19529.60'),
(485, 'CL105p/2x105x21', 9, 39, '2.00', 105, 21, 0, '0', '0', 0, 0, NULL, '2.000', '0.004', 'Bois profile à peindre', 'Clin CL105', 'ML', 33, '22976.00', -15, '19529.60'),
(486, 'CL105v/0.5x105x21', 3, 12, '0.50', 105, 21, 0, '0', '0', 0, 0, NULL, '0.500', '0.001', 'Bois profile à vernir', 'Clin CL105', 'ML', 33, '22976.00', 0, '22976.00'),
(487, 'CL105v/0.75x105x21', 3, 12, '5.00', 105, 21, 0, '0', '0', 0, 0, NULL, '5.000', '0.011', 'Bois profile à vernir', 'Clin CL105', 'ML', 33, '22976.00', 0, '22976.00'),
(488, 'CL105v/1.5x105x21', 3, 12, '1.50', 105, 21, 0, '0', '0', 0, 0, NULL, '1.500', '0.003', 'Bois profile à vernir', 'Clin CL105', 'ML', 33, '22976.00', 0, '22976.00'),
(489, 'CL105v/1x105x21', 3, 12, '1.00', 105, 21, 0, '0', '0', 0, 0, NULL, '1.000', '0.002', 'Bois profile à vernir', 'Clin CL105', 'ML', 33, '22976.00', 0, '22976.00'),
(490, 'CL105v/2.5x105x21', 3, 12, '2.50', 105, 21, 0, '0', '0', 0, 0, NULL, '2.500', '0.006', 'Bois profile à vernir', 'Clin CL105', 'ML', 33, '22976.00', 0, '22976.00'),
(491, 'CL105v/2.5x105x21', 3, 12, '2.50', 105, 21, 0, '0', '0', 0, 0, NULL, '2.500', '0.006', 'Bois profile à vernir', 'Clin CL105', 'ML', 33, '22976.00', 0, '22976.00'),
(492, 'CL105v/2x105x21', 3, 12, '2.00', 105, 21, 0, '0', '0', 0, 0, NULL, '2.000', '0.004', 'Bois profile à vernir', 'Clin CL105', 'ML', 33, '22976.00', 0, '22976.00'),
(493, 'Déchet', 4, 25, '1.00', 1, 0, 1, '0', '0', 0, 0, NULL, '1.000', '1.000', 'Bois énergie', 'Déchet', 'Stere', 100, '0.00', 0, '0.00'),
(494, 'PR145p/1.5x145x21', 9, 46, '1.50', 145, 21, 0, '0', '0', 0, 0, NULL, '1.500', '0.005', 'Bois profile à peindre', 'Planche de rive PR145', 'ML', 27, '5745.00', -15, '4883.25'),
(495, 'PR145p/1x145x21', 9, 46, '1.00', 145, 21, 0, '0', '0', 0, 0, NULL, '1.000', '0.003', 'Bois profile à peindre', 'Planche de rive PR145', 'ML', 27, '5745.00', -15, '4883.25'),
(496, 'PR145p/2.5x145x21', 9, 46, '2.50', 145, 21, 0, '0', '0', 0, 0, NULL, '2.500', '0.008', 'Bois profile à peindre', 'Planche de rive PR145', 'ML', 27, '5745.00', -15, '4883.25'),
(497, 'PR145p/2x145x21', 9, 46, '2.00', 145, 21, 0, '0', '0', 0, 0, NULL, '2.000', '0.006', 'Bois profile à peindre', 'Planche de rive PR145', 'ML', 27, '5745.00', -15, '4883.25'),
(498, 'PR145v/1.5x145x21', 3, 19, '1.50', 145, 21, 0, '0', '0', 0, 0, NULL, '1.500', '0.005', 'Bois profile à vernir', 'Planche de rive PR145', 'ML', 27, '5745.00', 0, '5745.00'),
(499, 'PR145v/1x145x21', 3, 19, '1.00', 145, 21, 0, '0', '0', 0, 0, NULL, '1.000', '0.003', 'Bois profile à vernir', 'Planche de rive PR145', 'ML', 27, '5745.00', 0, '5745.00'),
(500, 'PR145v/2.5x145x21', 3, 19, '2.50', 145, 21, 0, '0', '0', 0, 0, NULL, '2.500', '0.008', 'Bois profile à vernir', 'Planche de rive PR145', 'ML', 27, '5745.00', 0, '5745.00'),
(501, 'PR145v/2x145x21', 3, 19, '2.00', 145, 21, 0, '0', '0', 0, 0, NULL, '2.000', '0.006', 'Bois profile à vernir', 'Planche de rive PR145', 'ML', 27, '5745.00', 0, '5745.00'),
(502, 'PR165p/1.5x145x21', 9, 47, '1.50', 145, 21, 0, '0', '0', 0, 0, NULL, '1.500', '0.005', 'Bois profile à peindre', 'Planche de rive PR165', 'ML', 28, '6384.00', -15, '5426.40'),
(503, 'PR165p/1x145x21', 9, 47, '1.00', 145, 21, 0, '0', '0', 0, 0, NULL, '1.000', '0.003', 'Bois profile à peindre', 'Planche de rive PR165', 'ML', 28, '6384.00', -15, '5426.40'),
(504, 'PR165p/2.5x145x21', 9, 47, '2.50', 145, 21, 0, '0', '0', 0, 0, NULL, '2.500', '0.008', 'Bois profile à peindre', 'Planche de rive PR165', 'ML', 28, '6384.00', -15, '5426.40'),
(505, 'PR165p/2x145x21', 9, 47, '2.00', 145, 21, 0, '0', '0', 0, 0, NULL, '2.000', '0.006', 'Bois profile à peindre', 'Planche de rive PR165', 'ML', 28, '6384.00', -15, '5426.40'),
(506, 'PR165v/1.5x145x21', 3, 20, '1.50', 145, 21, 0, '0', '0', 0, 0, NULL, '1.500', '0.005', 'Bois profile à vernir', 'Planche de rive PR165', 'ML', 28, '6384.00', 0, '6384.00'),
(507, 'PR165v/1x145x21', 3, 20, '1.00', 145, 21, 0, '0', '0', 0, 0, NULL, '1.000', '0.003', 'Bois profile à vernir', 'Planche de rive PR165', 'ML', 28, '6384.00', 0, '6384.00'),
(508, 'PR165v/2.5x145x21', 3, 20, '2.50', 145, 21, 0, '0', '0', 0, 0, NULL, '2.500', '0.008', 'Bois profile à vernir', 'Planche de rive PR165', 'ML', 28, '6384.00', 0, '6384.00'),
(509, 'PR165v/2x145x21', 3, 20, '2.00', 145, 21, 0, '0', '0', 0, 0, NULL, '2.000', '0.006', 'Bois profile à vernir', 'Planche de rive PR165', 'ML', 28, '6384.00', 0, '6384.00'),
(510, 'PR280p/1.5x145x21', 9, 48, '1.50', 145, 21, 0, '0', '0', 0, 0, NULL, '1.500', '0.005', 'Bois profile à peindre', 'Planche de rive PR280', 'ML', 29, '10209.00', -15, '8677.65'),
(511, 'PR280p/1x145x21', 9, 48, '1.00', 145, 21, 0, '0', '0', 0, 0, NULL, '1.000', '0.003', 'Bois profile à peindre', 'Planche de rive PR280', 'ML', 29, '10209.00', -15, '8677.65'),
(512, 'PR280p/2.5x145x21', 9, 48, '2.50', 145, 21, 0, '0', '0', 0, 0, NULL, '2.500', '0.008', 'Bois profile à peindre', 'Planche de rive PR280', 'ML', 29, '10209.00', -15, '8677.65'),
(513, 'PR280p/2x145x21', 9, 48, '2.00', 145, 21, 0, '0', '0', 0, 0, NULL, '2.000', '0.006', 'Bois profile à peindre', 'Planche de rive PR280', 'ML', 29, '10209.00', -15, '8677.65'),
(514, 'PR280v/1.5x145x21', 3, 21, '1.50', 145, 21, 0, '0', '0', 0, 0, NULL, '1.500', '0.005', 'Bois profile à vernir', 'Planche de rive PR280', 'ML', 29, '10209.00', 0, '10209.00'),
(515, 'PR280v/1x145x21', 3, 21, '1.00', 145, 21, 0, '0', '0', 0, 0, NULL, '1.000', '0.003', 'Bois profile à vernir', 'Planche de rive PR280', 'ML', 29, '10209.00', 0, '10209.00'),
(516, 'PR280v/2.5x145x21', 3, 21, '2.50', 145, 21, 0, '0', '0', 0, 0, NULL, '2.500', '0.008', 'Bois profile à vernir', 'Planche de rive PR280', 'ML', 29, '10209.00', 0, '10209.00'),
(517, 'PR280v/2x145x21', 3, 21, '2.00', 145, 21, 0, '0', '0', 0, 0, NULL, '2.000', '0.006', 'Bois profile à vernir', 'Planche de rive PR280', 'ML', 29, '10209.00', 0, '10209.00'),
(518, 'DBR 40', 7, 33, '0.00', 0, 0, 0, '40', '0', 0, 0, NULL, '0.000', '0.000', 'Bois rond', 'Demi Bois rond', 'ML', 61, '487.00', 0, '487.00'),
(519, 'DBR 50', 7, 33, '0.00', 0, 0, 0, '50', '0', 0, 0, NULL, '0.000', '0.000', 'Bois rond', 'Demi Bois rond', 'ML', 62, '516.00', 0, '516.00'),
(520, 'DBR 60', 7, 33, '0.00', 0, 0, 0, '60', '0', 0, 0, NULL, '0.000', '0.000', 'Bois rond', 'Demi Bois rond', 'ML', 63, '603.00', 0, '603.00'),
(521, 'DBR 70', 7, 33, '0.00', 0, 0, 0, '70', '0', 0, 0, NULL, '0.000', '0.000', 'Bois rond', 'Demi Bois rond', 'ML', 64, '689.00', 0, '689.00'),
(522, 'DBR 80', 7, 33, '0.00', 0, 0, 0, '80', '0', 0, 0, NULL, '0.000', '0.000', 'Bois rond', 'Demi Bois rond', 'ML', 65, '805.00', 0, '805.00'),
(523, 'DBR 100', 7, 33, '0.00', 0, 0, 0, '100', '0', 0, 0, NULL, '0.000', '0.000', 'Bois rond', 'Demi Bois rond', 'ML', 66, '1066.00', 0, '1066.00'),
(524, 'PQ 70x2', 7, 34, '2.00', 0, 0, 0, '70', '0', 0, 0, NULL, '2.000', '0.008', 'Bois rond', 'Piquet', 'ML', 67, '2536.00', 0, '2536.00'),
(525, 'PQ 70x2.4', 7, 34, '2.40', 0, 0, 0, '70', '0', 0, 0, NULL, '2.400', '0.009', 'Bois rond', 'Piquet', 'ML', 68, '2999.00', 0, '2999.00'),
(526, 'PQ 80x2', 7, 34, '2.00', 0, 0, 0, '80', '0', 0, 0, NULL, '2.000', '0.010', 'Bois rond', 'Piquet', 'ML', 69, '2999.00', 0, '2999.00'),
(527, 'PQ 80x2.4', 7, 34, '2.40', 0, 0, 0, '80', '0', 0, 0, NULL, '2.400', '0.012', 'Bois rond', 'Piquet', 'ML', 70, '3554.00', 0, '3554.00'),
(528, 'Px/1.5x320x18', 8, 49, '1.50', 320, 18, 0, '0', '0', 0, 0, NULL, '0.480', '0.009', 'Panneaux', 'sur mesure', 'U', 46, '1659.00', 0, '1659.00'),
(529, 'Px/1.5x460x18', 8, 49, '1.50', 460, 18, 0, '0', '0', 0, 0, NULL, '0.690', '0.012', 'Panneaux', 'sur mesure', 'U', 49, '19845.00', 0, '19845.00'),
(530, 'Px/1.5x320x25', 8, 49, '1.50', 320, 25, 0, '0', '0', 0, 0, NULL, '0.480', '0.012', 'Panneaux', 'sur mesure', 'U', 52, '17640.00', 0, '17640.00'),
(531, 'Px/1.5x460x25', 8, 49, '1.50', 460, 25, 0, '0', '0', 0, 0, NULL, '0.690', '0.017', 'Panneaux', 'sur mesure', 'U', 55, '22050.00', 0, '22050.00');

-- --------------------------------------------------------

--
-- Structure de la table `bon_com`
--

CREATE TABLE `bon_com` (
  `ID_BONC` int(11) NOT NULL,
  `REFERENCE` varchar(30) NOT NULL,
  `LOGIN` varchar(30) NOT NULL,
  `ID_F` int(11) NOT NULL,
  `DATE_BONC` date NOT NULL
) ENGINE=InnoDB DEFAULT CHARSET=latin1;

--
-- Déchargement des données de la table `bon_com`
--

INSERT INTO `bon_com` (`ID_BONC`, `REFERENCE`, `LOGIN`, `ID_F`, `DATE_BONC`) VALUES
(9, 'PC1234', 'Madachri', 8, '2014-05-20'),
(11, 'TURBOPEN1234', 'Madachri', 4, '2014-05-19'),
(12, 'Bureau1655', 'DRISS', 4, '2014-05-26'),
(13, 'Appro camion NÂ°...', 'ZAHIA', 1, '2017-07-30');

-- --------------------------------------------------------

--
-- Structure de la table `client`
--

CREATE TABLE `client` (
  `ID_C` int(11) NOT NULL,
  `NIF` varchar(11) CHARACTER SET latin1 DEFAULT NULL,
  `STAT` varchar(30) CHARACTER SET latin1 DEFAULT NULL,
  `RC` varchar(30) NOT NULL,
  `CIF` varchar(50) NOT NULL,
  `RAISSO_C` varchar(30) NOT NULL,
  `ADRESSE_C` text,
  `FKT` varchar(50) CHARACTER SET latin1 DEFAULT NULL,
  `VILLE` varchar(50) CHARACTER SET latin1 DEFAULT NULL,
  `EX_PROV` varchar(50) CHARACTER SET latin1 DEFAULT NULL,
  `PAYS` varchar(50) CHARACTER SET latin1 DEFAULT 'Madagascar',
  `TEL_C` varchar(10) CHARACTER SET latin1 DEFAULT NULL,
  `EMAIL` varchar(30) CHARACTER SET latin1 DEFAULT NULL
) ENGINE=InnoDB DEFAULT CHARSET=utf8;

--
-- Déchargement des données de la table `client`
--

INSERT INTO `client` (`ID_C`, `NIF`, `STAT`, `RC`, `CIF`, `RAISSO_C`, `ADRESSE_C`, `FKT`, `VILLE`, `EX_PROV`, `PAYS`, `TEL_C`, `EMAIL`) VALUES
(1, '3000017060', '20293111987010000', '', '', 'Ste BIONEXX', 'test', NULL, 'Ankidona ', 'Fianarantsoa', 'Madagascar', '', ''),
(2, '4000080863', '68101112010010900', '', '', 'Structures', 'Lot IIM 32 ', NULL, 'Androhibe', 'Antananarivo', 'Madagascar', NULL, NULL),
(3, '4000127498', '51367721990000046', '', '', 'ste Sambatex', 'Rue du commerce ', NULL, 'Sambava', 'Antsiranana', 'Madagascar', NULL, NULL),
(4, '3000371623', '74134511993000019', '', '', 'Mr Jerome Prenat', NULL, NULL, NULL, 'Toliary', 'Madagascar', NULL, NULL),
(5, '3000706602', '14101531970000003', '', '', 'S.M.F', 'BP 54 Avenue Gallieni ', ' Ampotatra', 'Tolagnaro', 'Toliary', 'Madagascar', NULL, NULL),
(6, '4000178815', '45302211990000003', '', '', 'Auto Tractor', 'Zorozoroana', NULL, 'Fianarantsoa', 'Fianarantsoa', 'Madagascar', NULL, NULL),
(7, '1005014390', '20293112006011004', '', '', 'Parapharma Export', NULL, NULL, 'Manajary', 'Fianarantsoa', 'Madagascar', NULL, NULL),
(8, '4000037832', '45212111995010041', '', '', 'Le Relais de Madagascar', NULL, 'Ankofafalahy', 'Fianarantsoa', 'Fianarantsoa', 'Madagascar', NULL, NULL),
(9, '3000113666', '41002212010000122', '', '', 'ste The Head Cornerstone', NULL, 'Ambalapaiso', 'Fianarantsoa', 'Fianarantsoa', 'Madagascar', NULL, NULL),
(10, '4000069929', '74133212010000149', '', '', 'Mobiliers des Hautes T.', NULL, 'Tamponjina', 'Fianarantsoa', 'Fianarantsoa', 'Madagascar', NULL, NULL),
(11, '3000081531', '15731111963000015', '', '', 'Salone SA', 'Zone Forello', 'Tanjombato', 'Antananarivo', 'Antananarivo', 'Madagascar', NULL, NULL),
(12, '5000970888', '51431112012010659', '', '', 'Bricodeco', 'Zone Commercial Jumbo Score', NULL, 'Antananarivo', 'Antananarivo', 'Madagascar', NULL, NULL),
(13, '3000625908', '01164531970000004', '', '', 'ste HAH', NULL, NULL, 'Fort Dauphin', 'Taolagnaro', 'Madagascar', NULL, NULL),
(14, '4001805272', '38213112014010936', '', '', 'ste Qimpexx', 'Parcelle n-34, Lotissement Tana Water', NULL, 'Antananarivo', 'Antananarivo', 'Madagascar', NULL, NULL),
(15, '3000005194', '35101112006010585', '', '', 'ste Bionerr', 'Parcelle n-34, Lotissement Tana Water', NULL, 'Antananarivo', 'Antananarivo', 'Madagascar', NULL, NULL),
(16, '3000000695', '13122122002000052', '', '', 'La Cotonniere d\'Antsirabe', 'PK 169, Route d\'Ambositra', NULL, 'Antsirabe', 'Antananarivo', 'madagascar', NULL, NULL),
(17, '4000018754', '23923112001010023', '', '', 'ste CGBat', 'Module 19 forello Tanjombato', 'Tanjombato', 'Antananarivo', 'Antananarivo', 'madagascar', NULL, NULL),
(18, '5000681965', '05015512011000725', '', '', 'IOT Indian Ocean Trepang', 'C/O Copefrito, Avenue de France', 'Mahavatsy II', 'Toliary', 'Toliary', 'Madagascar', NULL, NULL),
(19, '4000275836', '49226212001000004', '', '', 'ste Mac Gui Chan', NULL, 'Ambalapaiso', 'Fianarantsoa', 'Fianarantsoa', 'Madagascar', NULL, NULL),
(20, '4000086479', '47599211978000004', '', '', 'Magasin Sloopy', NULL, 'Ampasambazaha', 'Fianarantsoa', 'Fianarantsoa', 'Madagascar', NULL, NULL),
(21, '3002339148', '46309112016010586', '', '', 'ste SOMAVA', 'Route Vohemar', NULL, 'Antalaha', 'Antsiranana', 'Madagascar', NULL, NULL),
(22, '4001229454', '01111220130 00576', '', '', 'ste Phytoaroma', 'Ambohimanga', NULL, 'Antsirabe', 'Antananarivo', 'Madagascar', NULL, NULL),
(23, '1000063004', '47110212008000293', '', '', 'Super Marche 3000', 'Ampasambazaha', NULL, 'Fianarantsoa', 'Fianarantsoa', 'Madagascar', NULL, NULL),
(24, '3000033911', '47822211989000007', '', '', 'Maison Dewany', 'Ampasambazaha', NULL, 'Fianarantsoa', 'Fianarantsoa', 'Madagascar', NULL, NULL),
(25, '2000036135', '46900111993010053', '', '', 'Sanifer Express', NULL, NULL, 'Antananarivo', 'Antananarivo', 'Madagascar', NULL, NULL),
(26, '2001300634', '77306712013010089', '', '', 'ste Concrate', 'Lot 38 cite Seimad ', 'Mahatsinjo', 'Nosy Be', 'Antsiranana', 'Madagascar', NULL, NULL),
(27, '3000178404', '45212212000000045', '', '', 'E.C.J.', 'Lgt n° 7 Citee des Professeurs', 'Ambonifahidrano', 'Fianarantsoa', 'Fianarantsoa', 'Madagascar', NULL, NULL),
(28, '5000049698', '45212121999000031', '', '', 'Ese Bâtir', 'Lot 0 906 B 255 Immeuble Volavita', '', 'Antsirabe', 'Antananarivo', 'Madagascar', NULL, NULL),
(29, '5001862877', '68101112015010030', '', '', 'Immobilier Conseil', '3e Etage Imm Teillet Labrousse', 'Ampasamadinika', 'Antananarivo', 'Antananarivo', 'Madagascar', NULL, NULL),
(30, '5000097280', '41001112006000048', '', '', 'DSM Construction', 'LOT IT 43 TER ', 'Ambohijanamasoandro Itaosy', 'Antananarivo', 'Antananarivo', 'Madagascar', NULL, NULL),
(31, '3000193615', '41001242004100004', '', '', 'Ese ASM', 'Lot III P1 ', 'Fanjakamandroso', ' Ihosy', 'Fianarantsoa', 'Madagascar', NULL, NULL),
(32, '3002168046', '08994112003005419', '', '', 'Ese Mita', 'LOT II F 3 YA ', 'Andraisora', 'Antananarivo', 'Antananarivo', 'Madagascar', NULL, NULL),
(33, '4001378077', '41002122012000023', '', '', 'Ese AIDE', NULL, NULL, 'Antsirabe', 'Antananarivo', 'Madagascar', NULL, NULL),
(34, '4000069061', '41002211999000072', '', '', 'Ese SEFI', NULL, NULL, 'Fianarantsoa', 'Fianarantsoa', 'Madagascar', NULL, NULL),
(35, '3000710374', '68101112012010054', '', '', '3M Immobiliér SCI', 'Lot IIM Bis Antsakaviro TANA', 'Antsakaviro', 'Antananarivo', 'Antananarivo', 'Madagascar', '', ''),
(36, '3000054289', '41001112005003549', '', '', 'Aidbat Trading', 'Lot IIH129Soavimasoandro TANA', 'Soavimasoandro', 'Antananarivo', 'Antananarivo', 'Madagascar', NULL, NULL),
(37, '4000092473', '46900212008000088', '', '', 'Ese Eninjara', NULL, NULL, 'Fianarantsoa', 'Fianarantsoa', 'Madagascar', NULL, NULL),
(38, '2002203908', '42106112016010223', '', '', 'CMBI', NULL, NULL, 'Antananarivo', 'Antananarivo', 'Madagascar', NULL, NULL),
(39, '3002196047', '41101712016010051', '', '', 'Home M/car Constructions', NULL, NULL, 'Antananarivo', 'Antananarivo', 'Madagascar', NULL, NULL),
(40, '2000421052', '41002212008100017', '', '', 'Ese GB& MB', NULL, NULL, 'Fianarantsoa', 'Fianarantsoa', 'Madagascar', NULL, NULL),
(41, '5001981969', '41001112015010464', '', '', 'Premium Immo', NULL, NULL, 'Antananarivo', 'Antananarivo', 'Madagascar', NULL, NULL),
(42, '1001043014', '41002212017100937', '', '', 'Ese Mbanona', NULL, NULL, 'Fianarantsoa', 'Fianarantsoa', 'Madagascar', NULL, NULL),
(43, '3000135252', '55101241998000005', '', '', 'S.H.I.', 'Relais de La Reine BP 1 ', 'Ranohira', 'Ihosy', 'Fianarantsoa', 'Madagascar', NULL, NULL),
(44, '2000257028', '55221212005000325', '', '', 'Salary Bay', 'Imm Le Cotsoyannis', 'Ampasambazaha', 'Fianarantsoa', 'Fianarantsoa', 'Madagascar', NULL, NULL),
(45, '2000074022', '55101212000000032', '', '', 'Camp Catta', 'Imm Regulier ', 'Ambatomena', 'Fianarantsoa', 'Fianarantsoa', 'Madagascar', NULL, NULL),
(46, '3001476201', '55101112013011181', '', '', 'Hotel Management Sites', 'LOT II K 21 TER', 'Ankadivato', 'Antananarivo', 'Antananarivo', 'Madagascar', NULL, NULL),
(47, '2001634025', '55101212014000836', '', '', 'Complexe Soafia', 'Zorozoroana', 'Ambalakosoa', 'Fianarantsoa', 'Fianarantsoa', 'Madagascar', NULL, NULL),
(48, '5000490681', '55101712003000328', '', '', 'New Palm Beach (Mr Leong)', 'Villa Fatemi Ramena', 'Antsirananna II', 'Antsiranana ', 'Antsiranana', 'Madagascar', NULL, NULL),
(49, '3000625537', '55101512007000059', '', '', 'Hôtel Belle Vue', 'Ambolomailaka Manombo Atsimo', NULL, 'Toliary', 'Toliary', 'Madagascar', NULL, NULL),
(50, '5000043980', '68101112006010001', '', '', 'S.H.G.I', 'Villa E14 Ankorondrano TANA', NULL, 'Antananarivo', 'Antananarivo', 'Madagascar', NULL, NULL),
(51, '4000081597', '55221711992000033', '', '', 'La Belle Plage SarlU', 'Dzamandzar Ampasy Nosy Be', NULL, 'Nosy Be', 'Antsiranana', 'Madagascar', NULL, NULL),
(52, '2000210748', '55101511991000009', '', '', 'ste Hôtel Maky Le Paradisier', 'Beravy Belalanda Tulear', NULL, 'Toliary', 'Toliary', 'Madagascar', NULL, NULL),
(53, '3000165333', '56301512006000069', '', '', 'Restaurant Le Panda SEMS', NULL, NULL, 'Toliary', 'Toliary', 'Madagascar', NULL, NULL),
(54, '5002046490', '55103232015000416', '', '', 'Hôtel Thermal Ranomafana', 'Usine Karenjy Ankofafa F/tsoa', NULL, 'Fianarantsoa', 'Fianarantsoa', 'Madagascar', NULL, NULL),
(55, '5000568488', '55102512011000452', '', '', 'Hôtel Serena ', NULL, NULL, 'Toliary', 'Toliary', 'Madagascar', NULL, NULL),
(56, NULL, NULL, '', '', 'Mme Randrianandrasana Yvonne', NULL, NULL, 'Fianarantsoa', 'Fianarantsoa', 'Madagascar', NULL, NULL),
(57, NULL, NULL, '', '', 'Mme Felana', NULL, NULL, 'Fianarantsoa', 'Fianarantsoa', 'Madagascar', NULL, NULL),
(58, NULL, NULL, '', '', 'Mme Tina', NULL, NULL, 'Fianarantsoa', 'Fianarantsoa', 'Madagascar', NULL, NULL),
(59, NULL, NULL, '', '', 'Mme Andrianavony Dina', NULL, NULL, 'Fianarantsoa', 'Fianarantsoa', 'Madagascar', NULL, NULL),
(60, NULL, NULL, '', '', 'Mme Saholiarimanana', NULL, NULL, 'Fianarantsoa', 'Fianarantsoa', 'Madagascar', NULL, NULL),
(61, NULL, NULL, '', '', 'Mme Mireille Razananirina', NULL, NULL, 'Fianarantsoa', 'Fianarantsoa', 'Madagascar', NULL, NULL),
(62, NULL, NULL, '', '', 'Mme Delhia Mong Gine', NULL, NULL, 'Fianarantsoa', 'Fianarantsoa', 'Madagascar', NULL, NULL),
(63, NULL, NULL, '', '', 'Mme Fanja', NULL, NULL, 'Fianarantsoa', 'Fianarantsoa', 'Madagascar', NULL, NULL),
(64, NULL, NULL, '', '', 'Mme Rafanomezantsoa', NULL, NULL, 'Fianarantsoa', 'Fianarantsoa', 'Madagascar', NULL, NULL),
(65, NULL, NULL, '', '', 'Mr Jimmy', 'Hôtel Victory Tulear', NULL, 'Toliary', 'Toliary', 'Madagascar', NULL, NULL),
(66, NULL, NULL, '', '', 'Mr Victor', 'Sandravinany', NULL, 'Manakara', 'Fianarantsoa', 'Madagascar', NULL, NULL),
(67, NULL, NULL, '', '', 'Mr Mahafetsy Julien', NULL, NULL, 'Toliary', 'Toliary', 'Madagascar', NULL, NULL),
(68, NULL, NULL, '', '', 'Mr Gerard', NULL, NULL, 'Fianarantsoa', 'Fianarantsoa', 'Madagascar', NULL, NULL),
(69, NULL, NULL, '', '', 'Mr Mouktar', NULL, NULL, 'Toliary', 'Toliary', 'Madagascar', NULL, NULL),
(70, NULL, NULL, '', '', 'Mr Bernard Viaud', NULL, NULL, 'Toliary', 'Toliary', 'Madagascar', NULL, NULL),
(71, NULL, NULL, '', '', 'Mr Dorossis', NULL, NULL, 'Antananarivo', 'Antananarivo', 'Madagascar', NULL, NULL),
(72, NULL, NULL, '', '', 'Mr Camille Vital', NULL, NULL, 'Toliary', 'Toliary', 'Madagascar', NULL, NULL),
(73, NULL, NULL, '', '', 'Mr stephane Trouillard', NULL, NULL, 'Antananarivo', 'Antananarivo', 'Madagascar', NULL, NULL),
(74, NULL, NULL, '', '', 'Mr Jean Gilbert Gualbert', NULL, NULL, 'Toliary', 'Toliary', 'Madagascar', NULL, NULL),
(75, NULL, NULL, '', '', 'Mr Jean Michel', NULL, NULL, 'Fianarantsoa', 'Fianarantsoa', 'Madagascar', NULL, NULL),
(76, NULL, NULL, '', '', 'Mr Randriamampiandra Mamy', NULL, NULL, 'Fianarantsoa', 'Fianarantsoa', 'Madagascar', NULL, NULL),
(77, NULL, NULL, '', '', 'Mr Cyrille', NULL, NULL, 'Fianarantsoa', 'Fianarantsoa', 'Madagascar', NULL, NULL),
(78, NULL, NULL, '', '', 'Mr Dominique Moncheaux', NULL, NULL, 'Antananarivo', 'Antananarivo', 'Madagascar', NULL, NULL),
(79, NULL, NULL, '', '', 'Mr Chastanet Alexandre', NULL, NULL, 'Antananarivo', 'Antananarivo', 'Madagascar', NULL, NULL),
(80, NULL, NULL, '', '', 'Mr Claude Bays', NULL, NULL, 'Toliary', 'Toliary', 'Madagascar', NULL, NULL),
(81, NULL, NULL, '', '', 'Mr Pascal Gros', NULL, NULL, 'Fianarantsoa', 'Fianarantsoa', 'Madagascar', NULL, NULL),
(82, NULL, NULL, '', '', 'Mr Ranzafindrafito Paupil', NULL, NULL, 'Fianarantsoa', 'Fianarantsoa', 'Madagascar', NULL, NULL),
(83, NULL, NULL, '', '', 'Mr Marc Colombier', NULL, NULL, 'Antananarivo', 'Antananarivo', 'Madagascar', NULL, NULL),
(84, NULL, NULL, '', '', 'Mr Richard ', 'La Ruche D\'Or', NULL, 'Fianarantsoa', 'Fianarantsoa', 'Madagascar', NULL, NULL),
(85, NULL, NULL, '', '', 'Mr Raharinosy Dina', NULL, NULL, 'Fianarantsoa', 'Fianarantsoa', 'Madagascar', NULL, NULL),
(86, NULL, NULL, '', '', 'Mr Jean Raymond', NULL, NULL, 'Fianarantsoa', 'Fianarantsoa', 'Madagascar', NULL, NULL),
(87, NULL, NULL, '', '', 'Mr Randrianarisaona', NULL, NULL, 'Fianarantsoa', 'Fianarantsoa', 'Madagascar', NULL, NULL),
(88, NULL, NULL, '', '', 'Mr Andriandrainy Henri', NULL, NULL, 'Fianarantsoa', 'Fianarantsoa', 'Madagascar', NULL, NULL),
(89, NULL, NULL, '', '', 'Mr Ranarison Nazaraly', NULL, NULL, 'Antananarivo', 'Antananarivo', 'Madagascar', NULL, NULL),
(90, NULL, NULL, '', '', 'Mr Bernard Pierre', NULL, NULL, 'Fianarantsoa', 'Fianarantsoa', 'Madagascar', NULL, NULL),
(91, NULL, NULL, '', '', 'Mr Richard Tianarivo', NULL, NULL, 'Fianarantsoa', 'Fianarantsoa', 'Madagascar', NULL, NULL),
(92, NULL, NULL, '', '', 'Mr Rafanomezantsoa', NULL, NULL, 'Fianarantsoa', 'Fianarantsoa', 'Madagascar', NULL, NULL),
(93, NULL, NULL, '', '', 'Mr Andre Claude', NULL, NULL, 'Fianarantsoa', 'Fianarantsoa', 'Madagascar', NULL, NULL),
(94, NULL, NULL, '', '', 'Mr Gille Touraine', 'Antamponjina', NULL, 'Fianarantsoa', 'Fianarantsoa', 'Madagascar', NULL, NULL),
(95, NULL, NULL, '', '', 'Mr Jean Marc Besse', 'Antamponjina', NULL, 'Fianarantsoa', 'Fianarantsoa', 'Madagascar', NULL, NULL),
(96, NULL, NULL, '', '', 'Mr Jean Pierre Pierret', NULL, 'Ampopoka', 'Fianarantsoa', 'Fianarantsoa', 'Madagascar', NULL, NULL),
(97, NULL, NULL, '', '', 'Mr Ramanamirija', NULL, NULL, 'Fianarantsoa', 'Fianarantsoa', 'Madagascar', NULL, NULL),
(98, NULL, NULL, '', '', 'Mr Solofoniaina', NULL, NULL, 'Fianarantsoa', 'Fianarantsoa', 'Madagascar', NULL, NULL),
(99, NULL, NULL, '', '', 'Mr Philippe Gesret', NULL, NULL, 'Antananarivo', 'Antananarivo', 'Madagascar', NULL, NULL),
(100, NULL, NULL, '', '', 'Mr Rakotoson Dieu Donne', NULL, NULL, 'Fianarantsoa', 'Fianarantsoa', 'Madagascar', NULL, NULL),
(101, NULL, NULL, '', '', 'Mr Randrianirindraibe', NULL, NULL, 'Fianarantsoa', 'Fianarantsoa', 'Madagascar', NULL, NULL),
(102, NULL, NULL, '', '', 'Mr Nirina Ratsimbazafy', NULL, NULL, 'Fianarantsoa', 'Fianarantsoa', 'Madagascar', NULL, NULL),
(103, NULL, NULL, '', '', 'Mr Mohammed Ayoub', NULL, NULL, 'Antananarivo', 'Antananarivo', 'Madagascar', NULL, NULL),
(104, NULL, NULL, '', '', 'Mr Pascal Juilliard', NULL, NULL, 'Antananarivo', 'Antananarivo', 'Madagascar', NULL, NULL),
(105, NULL, NULL, '', '', 'Madagascar National Parcs', NULL, NULL, 'Fianarantsoa', 'Fianarantsoa', 'Madagascar', NULL, NULL),
(106, '2000018123', '68101112001010044', '', '', 'Envol Foy Elatra', 'Imm. Teillet Labrousse TANA', NULL, 'Antananarivo', 'Antananarivo', 'Madagascar', NULL, NULL),
(107, NULL, NULL, '', '', 'Ecar Ampasimanjeva', NULL, 'Ampasimajeva', 'Mananjary', 'Fianarantsoa', 'Madagascar', NULL, NULL),
(108, NULL, NULL, '', '', 'Peres Assomptionnistes', NULL, NULL, 'Toliary', 'Toliary', 'Madagascar', NULL, NULL),
(109, NULL, NULL, '', '', 'Ecar Marofarihy', NULL, NULL, 'Manakara', 'Fianarantsoa', 'Madagascar', NULL, NULL),
(110, '2000717309', '80405212012000037', '', '', 'ONG Bel Avenir', NULL, NULL, 'Fianarantsoa', 'Fianarantsoa', 'Madagascar', NULL, NULL),
(111, NULL, NULL, '', '', 'OTM Association Fides', NULL, NULL, 'Antananarivo', 'Antananarivo', 'Madagascar', NULL, NULL),
(112, NULL, NULL, '', '', 'Ecar Mananjary', NULL, NULL, 'Manajary', 'Fianarantsoa', 'Madagascar', NULL, NULL),
(113, '1000000704', '40100111957010000', '', '', 'Jirama', NULL, NULL, 'Antananarivo', 'Antananarivo', 'Madagascar', NULL, NULL),
(114, NULL, NULL, '', '', 'Fiangonana Anglikanina', NULL, NULL, 'Fianarantsoa', 'Fianarantsoa', 'Madagascar', NULL, NULL),
(115, NULL, NULL, '', '', 'Alliance Française', NULL, NULL, 'Fianarantsoa', 'Fianarantsoa', 'Madagascar', NULL, NULL),
(116, NULL, NULL, '', '', 'Association Terra Sua', NULL, 'Ampopoka', 'Fianarantsoa', 'Fianarantsoa', 'Madagascar', NULL, NULL),
(117, NULL, NULL, '', '', 'Famille Marie', NULL, 'Ihosy', 'Fianarantsoa', 'Fianarantsoa', 'Madagascar', NULL, NULL),
(118, NULL, NULL, '', '', 'Sœur SMMI', NULL, 'Tolongoina', 'Fianarantsoa', 'Fianarantsoa', 'Madagascar', NULL, NULL),
(119, NULL, NULL, '', '', 'Fibres Industrie Bois', '63 Rue Henri Cornu  ZI Cambaie', NULL, NULL, 'Ile La Reunion', 'La Reunion', NULL, NULL),
(120, '1000122023', '46101 11 2001 0 10038', '', '0074167/DGI-E  du 20/04/2017', 'Origines', 'Lot Id 63 Ambohidahy\r\n101 Antananarivo', NULL, NULL, NULL, 'Madagascar', '', '');

-- --------------------------------------------------------

--
-- Structure de la table `commande`
--

CREATE TABLE `commande` (
  `ID_CO` int(11) NOT NULL,
  `NUM_CO` varchar(12) DEFAULT NULL,
  `REF_CO` varchar(30) NOT NULL,
  `LOGIN` varchar(30) NOT NULL,
  `ID_C` int(11) NOT NULL,
  `DATE_CO` date NOT NULL
) ENGINE=InnoDB DEFAULT CHARSET=latin1;

--
-- Déchargement des données de la table `commande`
--

INSERT INTO `commande` (`ID_CO`, `NUM_CO`, `REF_CO`, `LOGIN`, `ID_C`, `DATE_CO`) VALUES
(1, NULL, 'TABLET212', 'DRISS', 1, '2014-05-29'),
(3, NULL, 'NETOYAGE_PRO999', 'DRISS', 3, '2014-05-31'),
(4, NULL, 'NETOYAGE99', 'Madachri', 3, '2014-05-31'),
(5, NULL, '544', 'Madachri', 31, '2018-07-10'),
(8, NULL, '161', 'Madachri', 35, '2018-07-10'),
(9, NULL, 'test1', 'Madachri', 3, '2017-08-26');

-- --------------------------------------------------------

--
-- Structure de la table `contenir_bon`
--

CREATE TABLE `contenir_bon` (
  `ID_BONC` int(11) NOT NULL,
  `ID_A` int(11) NOT NULL,
  `QTE_BON` int(11) NOT NULL
) ENGINE=InnoDB DEFAULT CHARSET=latin1;

--
-- Déchargement des données de la table `contenir_bon`
--

INSERT INTO `contenir_bon` (`ID_BONC`, `ID_A`, `QTE_BON`) VALUES
(9, 26, 20),
(11, 21, 20),
(11, 22, 1),
(12, 21, 1),
(12, 22, 10),
(12, 23, 100);

-- --------------------------------------------------------

--
-- Structure de la table `contenir_bon_l`
--

CREATE TABLE `contenir_bon_l` (
  `ID_LIGNE` int(5) NOT NULL,
  `ID_BONL` int(11) NOT NULL,
  `ID_A` int(11) NOT NULL,
  `QTE_BON_L` int(11) DEFAULT NULL,
  `PRIX_A` int(11) DEFAULT NULL
) ENGINE=InnoDB DEFAULT CHARSET=latin1;

--
-- Déchargement des données de la table `contenir_bon_l`
--

INSERT INTO `contenir_bon_l` (`ID_LIGNE`, `ID_BONL`, `ID_A`, `QTE_BON_L`, `PRIX_A`) VALUES
(50, 6, 23, 10, NULL),
(54, 6, 32, 6, NULL),
(55, 6, 56, 7, NULL),
(56, 6, 52, 18, NULL),
(57, 6, 51, 4, NULL),
(58, 6, 53, 6, NULL),
(59, 6, 47, 23, NULL),
(60, 6, 68, 22, NULL),
(61, 6, 65, 16, NULL),
(62, 6, 60, 2, NULL),
(63, 6, 57, 28, NULL),
(64, 6, 64, 11, NULL),
(65, 6, 48, 19, NULL),
(66, 6, 63, 14, NULL),
(67, 6, 121, 1, NULL),
(68, 6, 120, 2, NULL),
(69, 6, 123, 3, NULL),
(70, 6, 5, 4, NULL),
(71, 6, 3, 2, NULL),
(73, 6, 15, 17, NULL),
(74, 6, 13, 16, NULL),
(75, 6, 11, 68, NULL),
(76, 6, 372, 28, NULL),
(77, 6, 319, 27, NULL),
(78, 6, 316, 29, NULL),
(79, 6, 19, 2, NULL),
(80, 6, 381, 24, NULL),
(81, 6, 379, 127, NULL),
(82, 6, 110, 54, NULL),
(84, 6, 128, 16, NULL),
(85, 6, 130, 7, NULL),
(86, 6, 283, 40, NULL),
(87, 6, 284, 29, NULL),
(88, 6, 286, 108, NULL),
(91, 6, 281, 111, NULL),
(92, 6, 17, 13, NULL),
(93, 6, 322, 7, NULL),
(94, 6, 393, 5, NULL),
(95, 6, 394, 2, NULL);

-- --------------------------------------------------------

--
-- Structure de la table `contenir_co`
--

CREATE TABLE `contenir_co` (
  `ID_CO_LIGNE` int(5) NOT NULL,
  `ID_CO` int(5) NOT NULL,
  `ID_A` int(5) NOT NULL,
  `QTE_CO` int(5) DEFAULT NULL,
  `PRIX` decimal(11,2) DEFAULT NULL
) ENGINE=InnoDB DEFAULT CHARSET=latin1;

--
-- Déchargement des données de la table `contenir_co`
--

INSERT INTO `contenir_co` (`ID_CO_LIGNE`, `ID_CO`, `ID_A`, `QTE_CO`, `PRIX`) VALUES
(19, 8, 3, 30, NULL),
(20, 8, 4, 20, NULL),
(21, 8, 5, 30, NULL),
(22, 8, 6, 20, NULL),
(16, 1, 11, 5, NULL),
(30, 9, 11, 10, NULL),
(17, 1, 12, 2, NULL),
(23, 9, 15, 5, NULL),
(18, 1, 18, 4, NULL),
(24, 9, 19, 10, NULL),
(25, 9, 23, 10, NULL),
(26, 9, 187, 56, NULL),
(27, 9, 197, 150, NULL),
(31, 9, 234, 10, NULL),
(32, 9, 235, 5, NULL),
(28, 9, 243, 10, NULL),
(29, 9, 247, 40, NULL);

-- --------------------------------------------------------

--
-- Structure de la table `contenir_dv`
--

CREATE TABLE `contenir_dv` (
  `ID_DV_LIGNE` int(5) NOT NULL,
  `ID_DV` int(11) NOT NULL,
  `ID_A` int(11) NOT NULL,
  `QTE_DV` int(11) DEFAULT NULL,
  `TEMP` decimal(10,2) DEFAULT NULL
) ENGINE=InnoDB DEFAULT CHARSET=latin1;

--
-- Déchargement des données de la table `contenir_dv`
--

INSERT INTO `contenir_dv` (`ID_DV_LIGNE`, `ID_DV`, `ID_A`, `QTE_DV`, `TEMP`) VALUES
(60, 7, 1, 5, NULL),
(54, 6, 2, 10, NULL),
(61, 7, 2, 5, NULL),
(55, 6, 3, 10, NULL),
(50, 7, 3, 30, NULL),
(56, 6, 4, 10, NULL),
(51, 7, 4, 20, NULL),
(104, 9, 4, 10, NULL),
(52, 7, 5, 30, NULL),
(105, 9, 5, 10, NULL),
(53, 7, 6, 20, NULL),
(65, 7, 7, 6, NULL),
(67, 7, 8, 2, NULL),
(57, 6, 9, 10, NULL),
(68, 7, 9, 2, NULL),
(69, 7, 10, 2, NULL),
(16, 1, 15, 5, '2.00'),
(35, 1, 19, 10, NULL),
(37, 1, 23, 10, '5.00'),
(87, 7, 23, 5, NULL),
(88, 7, 24, 5, NULL),
(89, 7, 25, 5, NULL),
(90, 7, 26, 5, NULL),
(91, 7, 27, 5, NULL),
(92, 7, 28, 5, NULL),
(78, 7, 133, 5, NULL),
(79, 7, 134, 20, NULL),
(80, 7, 135, 20, NULL),
(81, 7, 137, 10, NULL),
(82, 7, 138, 2, NULL),
(95, 7, 184, 10, NULL),
(96, 7, 185, 20, NULL),
(48, 1, 187, 56, NULL),
(49, 1, 197, 150, NULL),
(93, 7, 233, 10, NULL),
(94, 7, 235, 5, NULL),
(83, 7, 240, 5, NULL),
(84, 7, 241, 5, NULL),
(85, 7, 242, 5, NULL),
(58, 1, 243, 10, NULL),
(86, 7, 243, 5, NULL),
(59, 1, 247, 40, NULL),
(100, 9, 248, 10, NULL),
(70, 7, 350, 4, NULL),
(71, 7, 351, 4, NULL),
(72, 7, 352, 4, NULL),
(73, 7, 353, 4, NULL),
(74, 7, 354, 4, NULL),
(75, 7, 355, 4, NULL),
(76, 7, 356, 4, NULL),
(77, 7, 357, 4, NULL),
(98, 1, 427, 10, '1.50'),
(101, 9, 435, 160, '2.20'),
(99, 1, 519, 10, '2.50'),
(102, 9, 522, 160, '0.90'),
(103, 9, 523, 80, '2.10');

-- --------------------------------------------------------

--
-- Structure de la table `devis`
--

CREATE TABLE `devis` (
  `ID_DV` int(11) NOT NULL,
  `REF_DV` varchar(30) NOT NULL,
  `LOGIN` varchar(30) NOT NULL,
  `ID_C` int(11) NOT NULL,
  `DATE_DV` date NOT NULL
) ENGINE=InnoDB DEFAULT CHARSET=latin1;

--
-- Déchargement des données de la table `devis`
--

INSERT INTO `devis` (`ID_DV`, `REF_DV`, `LOGIN`, `ID_C`, `DATE_DV`) VALUES
(1, 'test1', 'Madachri', 3, '2017-08-26'),
(6, '134', 'Madachri', 37, '2018-07-10'),
(7, '155', 'Madachri', 35, '2018-07-10'),
(8, 'essais anterieur', 'Madachri', 35, '2017-07-11'),
(9, '096', 'Madachri', 120, '2018-07-20');

-- --------------------------------------------------------

--
-- Structure de la table `facture`
--

CREATE TABLE `facture` (
  `ID_FA` int(11) NOT NULL,
  `DATE_FA` date NOT NULL,
  `REF_FACT` varchar(30) NOT NULL,
  `DATE_ECHE` date NOT NULL,
  `ID_CO` int(11) NOT NULL,
  `REGLER` varchar(3) NOT NULL
) ENGINE=InnoDB DEFAULT CHARSET=latin1;

--
-- Déchargement des données de la table `facture`
--

INSERT INTO `facture` (`ID_FA`, `DATE_FA`, `REF_FACT`, `DATE_ECHE`, `ID_CO`, `REGLER`) VALUES
(1, '2014-06-04', 'AAAAA', '2014-06-14', 1, 'NON'),
(5, '2014-06-06', 'Netoyage3321', '2014-06-16', 3, 'NON'),
(7, '2014-06-07', 'PRO HP 5', '2014-06-17', 2, 'NON'),
(8, '2014-06-08', 'nnnn', '2014-06-18', 4, 'NON');

-- --------------------------------------------------------

--
-- Structure de la table `famille`
--

CREATE TABLE `famille` (
  `ID_FAM` int(11) NOT NULL,
  `FAMILLE` varchar(50) CHARACTER SET utf8 NOT NULL,
  `ID_TYPE` int(11) NOT NULL
) ENGINE=InnoDB DEFAULT CHARSET=latin1;

--
-- Déchargement des données de la table `famille`
--

INSERT INTO `famille` (`ID_FAM`, `FAMILLE`, `ID_TYPE`) VALUES
(1, 'Planche', 1),
(2, 'Madrier', 1),
(3, 'Battant', 1),
(4, 'Chevron', 1),
(5, 'Latte', 1),
(7, 'Frisette F60', 3),
(8, 'Frisette F86', 3),
(9, 'Frisette F110', 3),
(10, 'Frisette P110', 3),
(11, 'Panneaux', 3),
(12, 'Clin CL105', 3),
(13, 'Parquet P60', 3),
(14, 'Parquet P86', 3),
(15, 'Gorge G28', 3),
(16, 'Plinthe PL60', 3),
(17, 'Plinthe PL90', 3),
(18, 'Couvre joint CJ40', 3),
(19, 'Planche de rive PR145', 3),
(20, 'Planche de rive PR165', 3),
(21, 'Planche de rive PR280', 3),
(22, 'Caillebotis', 3),
(23, 'Dosse', 4),
(24, 'Kitay', 4),
(25, 'Déchet', 4),
(26, 'Charbon', 4),
(27, 'Briquette', 4),
(28, 'PJ', 5),
(29, 'Lamellé collé 65', 6),
(30, 'Lamellé collé 90', 6),
(31, 'Lamellé collé 115', 6),
(32, 'Bois Rond', 7),
(33, 'Demi Bois rond', 7),
(34, 'Piquet', 7),
(35, 'Frisette F60', 9),
(36, 'Frisette F86', 9),
(37, 'Frisette F110', 9),
(38, 'Frisette P110', 9),
(39, 'Clin CL105', 9),
(40, 'Parquet P60', 9),
(41, 'Parquet P86', 9),
(42, 'Gorge G28', 9),
(43, 'Plinthe PL60', 9),
(44, 'Plinthe PL90', 9),
(45, 'Couvre joint CJ40', 9),
(46, 'Planche de rive PR145', 9),
(47, 'Planche de rive PR165', 9),
(48, 'Planche de rive PR280', 9),
(49, 'sur mesure', 7),
(50, 'Panneaux', 8),
(51, 'Produit de jardin', 5);

-- --------------------------------------------------------

--
-- Structure de la table `fournir`
--

CREATE TABLE `fournir` (
  `ID_A` int(11) NOT NULL,
  `ID_F` int(11) NOT NULL
) ENGINE=InnoDB DEFAULT CHARSET=latin1;

--
-- Déchargement des données de la table `fournir`
--

INSERT INTO `fournir` (`ID_A`, `ID_F`) VALUES
(24, 1),
(27, 1),
(27, 2),
(33, 2),
(19, 4),
(21, 4),
(22, 4),
(23, 4),
(24, 5),
(26, 8);

-- --------------------------------------------------------

--
-- Structure de la table `fournisseur`
--

CREATE TABLE `fournisseur` (
  `ID_F` int(11) NOT NULL,
  `RAISSO_F` varchar(100) CHARACTER SET latin1 NOT NULL,
  `ADRESSE_F` text CHARACTER SET latin1,
  `VILLE_F` varchar(50) CHARACTER SET latin1 DEFAULT NULL,
  `PROVINCE_F` varchar(50) CHARACTER SET latin1 DEFAULT NULL,
  `PAYS_F` varchar(50) CHARACTER SET latin1 DEFAULT NULL,
  `TEL_F` varchar(10) CHARACTER SET latin1 DEFAULT NULL,
  `EMAIL_F` varchar(30) CHARACTER SET latin1 DEFAULT NULL,
  `NIF_F` varchar(11) CHARACTER SET latin1 DEFAULT NULL,
  `STAT_F` varchar(17) CHARACTER SET latin1 DEFAULT NULL,
  `CIN` varchar(12) DEFAULT NULL,
  `DATE_CIN` date DEFAULT NULL,
  `LIEU_CIN` varchar(50) CHARACTER SET latin1 DEFAULT NULL
) ENGINE=InnoDB DEFAULT CHARSET=utf8;

--
-- Déchargement des données de la table `fournisseur`
--

INSERT INTO `fournisseur` (`ID_F`, `RAISSO_F`, `ADRESSE_F`, `VILLE_F`, `PROVINCE_F`, `PAYS_F`, `TEL_F`, `EMAIL_F`, `NIF_F`, `STAT_F`, `CIN`, `DATE_CIN`, `LIEU_CIN`) VALUES
(1, 'Randrianandrasana Norbert', 'Mandaratsy', 'Fianarantsoa', 'Fianarantsoa', 'Madagascar', '', '', '', '', '220291002121', '1993-05-01', 'Mahasoabe Fianarantsoa'),
(2, 'Randrianirintsoa Thierry', 'Mandaratsy', 'Fianarantsoa', 'Fianarantsoa', 'Madagascar', NULL, NULL, NULL, NULL, '220011005414', '2013-03-18', 'Lalangina Fianarantsoa'),
(3, 'Ratsimbazafy Vincent de Paul', 'Mandaratsy', 'Fianarantsoa', 'Fianarantsoa', 'Madagascar', NULL, NULL, NULL, NULL, '220391001012', '1993-03-19', 'Alakamisy Itenina Fianarantsoa'),
(4, 'Randrianandrasana Jean Claude', 'Mandaratsy', 'Fianarantsoa', 'Fianarantsoa', 'Madagascar', NULL, NULL, NULL, NULL, '220291009026', '1993-07-06', 'Mahasoabe Fianarantsoa'),
(5, 'Nomenjanahary Romain', 'Mandaratsy', 'Fianarantsoa', 'Fianarantsoa', 'Madagascar', NULL, NULL, NULL, NULL, '220011003192', '2005-01-20', 'Lalangina Fianarantsoa'),
(6, 'Ranainanirina Jean Rodin', 'Mandaratsy', 'Fianarantsoa', 'Fianarantsoa', 'Madagascar', NULL, NULL, NULL, NULL, '220011005085', '2012-01-16', 'Lalangina Fianarantsoa'),
(7, 'Razarandrainy Andrianiaina', 'Mandaratsy', 'Fianarantsoa', 'Fianarantsoa', 'Madagascar', NULL, NULL, NULL, NULL, '220011005085', '2012-01-16', 'Lalangina Fianarantsoa'),
(8, 'Andrianantenaina Charles', 'Mandaratsy', 'Fianarantsoa', 'Fianarantsoa', 'Madagascar', NULL, NULL, NULL, NULL, '220011001716', '1998-03-23', 'Fianarantsoa II'),
(9, 'Randrianandrasana Jean Philbert', 'Mandaratsy', 'Fianarantsoa', 'Fianarantsoa', 'Madagascar', NULL, NULL, NULL, NULL, '220291009937', '2005-04-13', 'Lalangina Fianarantsoa'),
(10, 'Razafiadana Jean Richard', 'Mandaratsy', 'Fianarantsoa', 'Fianarantsoa', 'Madagascar', NULL, NULL, NULL, NULL, '220231004222', '2015-02-16', 'Vohibato Ouest'),
(11, 'Rakotonirindraibe Jacquellin', 'Mandaratsy', 'Fianarantsoa', 'Fianarantsoa', 'Madagascar', NULL, NULL, NULL, NULL, '220231004275', '2015-07-06', 'Vohibato Ouest'),
(12, 'Randriamboavonjy Jean Baptiste', 'Mandaratsy', 'Fianarantsoa', 'Fianarantsoa', 'Madagascar', NULL, NULL, NULL, NULL, '220231004074', '2013-03-05', 'Vohibato Ouest'),
(13, 'Randrianirina Bertin Jean', 'Mandaratsy', 'Fianarantsoa', 'Fianarantsoa', 'Madagascar', NULL, NULL, NULL, NULL, '220391002450', '1997-09-11', 'Alakamisy Itenina Fianarantsoa'),
(14, 'Rajomalahy Clovis', 'Mandaratsy', 'Fianarantsoa', 'Fianarantsoa', 'Madagascar', NULL, NULL, NULL, NULL, '201321005026', '1972-03-18', 'Talata Ampano'),
(15, 'Ramaromanana Gabriel', 'Mandaratsy', 'Fianarantsoa', 'Fianarantsoa', 'Madagascar', NULL, NULL, NULL, NULL, '201131002079', '2003-05-13', 'Alakamisy Itenina Fianarantsoa'),
(16, 'Rakotonirina Jean Fidèle Harison', 'Mandaratsy', 'Fianarantsoa', 'Fianarantsoa', 'Madagascar', NULL, NULL, NULL, NULL, '220131002675', '1998-03-23', 'Talata Ampano'),
(17, 'Razafimaro Raymond Jean Donatien', 'Mandaratsy', 'Fianarantsoa', 'Fianarantsoa', 'Madagascar', NULL, NULL, NULL, NULL, '220011005012', '2011-07-01', 'Lalangina Fianarantsoa'),
(18, 'Ravelonandro Manantena Emile', 'Mandaratsy', 'Fianarantsoa', 'Fianarantsoa', 'Madagascar', NULL, NULL, NULL, NULL, '220011007415', '2017-09-14', 'Lalangina Fianarantsoa'),
(19, 'Soza Martin', 'Mandaratsy', 'Fianarantsoa', 'Fianarantsoa', 'Madagascar', NULL, NULL, NULL, NULL, '501091012611', '2011-11-26', 'Toliara'),
(20, 'Razafiarisoa Virginie Françoise', 'Mandaratsy', 'Fianarantsoa', 'Fianarantsoa', 'Madagascar', NULL, NULL, NULL, NULL, '220392006028', '2003-09-01', 'Fianarantsoa II'),
(21, 'Capitonneur Avotra', 'Beravina', 'Fianarantsoa', 'Fianarantsoa', 'Madagascar', NULL, NULL, NULL, NULL, '108991060711', NULL, 'Antananarivo'),
(22, 'AMD Antarambiby', 'Mandaratsy', 'Fianarantsoa', 'Fianarantsoa', 'Madagascar', NULL, NULL, NULL, NULL, NULL, NULL, NULL),
(23, 'Bionexx', 'Immeuble Injet 2 Etage ', 'Antananarivo', 'Antananarivo', 'Madagascar', NULL, NULL, '3000017060', '20293111987010014', NULL, NULL, NULL),
(24, 'Jirama', 'Antananarivo', 'Antananarivo', 'Antananarivo', 'Madagascar', NULL, NULL, '1000000704', '40100111950010000', NULL, NULL, NULL),
(25, 'Auto tractor', 'Zorozoroana ', 'Fianarantsoa', 'Fianarantsoa', 'Madagascar', NULL, NULL, '4000178815', '45302211990000003', NULL, NULL, NULL),
(26, 'Jovenna', 'immeuble Ariane Andraharo TANA', 'Antananarivo', 'Antananarivo', 'Madagascar', NULL, NULL, '2000002263', '46610111999000183', NULL, NULL, NULL),
(27, 'Total Madagascar', 'Imm Fitaratra Ankorondrano TANA', 'Antananarivo', 'Antananarivo', 'Madagascar', NULL, NULL, '2000000318', '46610111999000202', NULL, NULL, NULL),
(28, 'Sprea Misr For Chemicals & Plastics', '10 th Ramadan City ', NULL, NULL, 'Egypte', NULL, NULL, NULL, '', NULL, NULL, NULL),
(29, 'Tsena Ampasambazaha', 'Ampasambazaha', 'Fianarantsoa', 'Fianarantsoa', 'Madagascar', NULL, NULL, '4001867719', '47110212015100070', NULL, NULL, NULL),
(30, 'Tranombarotra Nourah', 'Ampasambazaha', 'Fianarantsoa', 'Fianarantsoa', 'Madagascar', NULL, NULL, '5000094964', '47822211988000004', NULL, NULL, NULL),
(31, 'St Paul', 'Ambatomena', 'Fianarantsoa', 'Fianarantsoa', 'Madagascar', NULL, NULL, '3000067706', '52261211961000001', NULL, NULL, NULL),
(32, 'Papier Plus', 'Lot D28/3601 Ampasambazaha', 'Fianarantsoa', 'Fianarantsoa', 'Madagascar', NULL, NULL, '2001210085', '47591212013000385', NULL, NULL, NULL),
(33, 'Store', 'Ampasambazaha', 'Fianarantsoa', 'Fianarantsoa', 'Madagascar', NULL, NULL, '2000190606', '47593212008000425', NULL, NULL, NULL),
(34, 'A&C Services', 'Rex Tsianolondroa', 'Fianarantsoa', 'Fianarantsoa', 'Madagascar', NULL, NULL, '2001432708', '82995212006000760', NULL, NULL, NULL),
(35, 'Erra Service', 'Antarandolo', 'Fianarantsoa', 'Fianarantsoa', 'Madagascar', NULL, NULL, '5001258957', '47613212003000066', NULL, NULL, NULL),
(36, 'Tsiory Ny Aina Service', 'Lot ID40 Isaha', 'Fianarantsoa', 'Fianarantsoa', 'Madagascar', NULL, NULL, '5000671490', '22205212009000017', NULL, NULL, NULL),
(37, 'Imprimerie Miarinjato', 'Tambohobe', 'Fianarantsoa', 'Fianarantsoa', 'Madagascar', NULL, NULL, '2000144057', '18111211997000044', NULL, NULL, NULL),
(38, 'Orange Madagascar', 'Imm Galaxy Andraharo TANA', 'Antananarivo', 'Antananarivo', 'Madagascar', NULL, NULL, '2000002340', '61202111997010016', NULL, NULL, NULL),
(39, 'NG Electronique', 'Ampasambazaha', 'Fianarantsoa', 'Fianarantsoa', 'Madagascar', NULL, NULL, '4000118397', '29208211974000002', NULL, NULL, NULL),
(40, 'Quincaillerie Remi', 'Ampasambazaha', 'Fianarantsoa', 'Fianarantsoa', 'Madagascar', NULL, NULL, '2000212050', '47421212004000055', NULL, NULL, NULL),
(41, 'Dewany', 'Ampasambazaha', 'Fianarantsoa', 'Fianarantsoa', 'Madagascar', NULL, NULL, '3000033911', '47822211989000007', NULL, NULL, NULL),
(42, 'Comete', 'Ampasambazaha', 'Fianarantsoa', 'Fianarantsoa', 'Madagascar', NULL, NULL, '5000069280', '47521211987000003', NULL, NULL, NULL),
(43, 'Tranombarotra Nataly', 'Ampasambazaha', 'Fianarantsoa', 'Fianarantsoa', 'Madagascar', NULL, NULL, '3000103844', '52251211989000002', NULL, NULL, NULL),
(44, 'Sitma', 'ZI 12 Forello ', 'Antananarivo', 'Antananarivo', 'Madagascar', NULL, NULL, '1000001502', '46101111963000003', NULL, NULL, NULL),
(45, 'Magasin Style Mode', 'Ampasambazaha', 'Fianarantsoa', 'Fianarantsoa', 'Madagascar', NULL, NULL, '3000216060', '47822211998000011', NULL, NULL, NULL),
(46, 'Triumph', 'Zone Zital Ankorondrano', 'Antananarivo', 'Antananarivo', 'Madagascar', NULL, NULL, '3000104270', '45301111997010037', NULL, NULL, NULL),
(47, 'Magasin Habib Anvar', 'Ampasambazaha', 'Fianarantsoa', 'Fianarantsoa', 'Madagascar', NULL, NULL, '3000118177', '47521211982000006', NULL, NULL, NULL),
(48, 'Bricodéco', 'Centre commercial Jumbo Score', 'Antananarivo', 'Antananarivo', 'Madagascar', NULL, NULL, '5000970888', '51431112012010659', NULL, NULL, NULL),
(49, 'Sté Structures', 'Lot IIM 32 Androhibe', 'Antananarivo', 'Antananarivo', 'Madagascar', NULL, NULL, '4000080863', '68101112010010965', NULL, NULL, NULL),
(50, 'MCI', 'ZI Tanjombato', 'Antananarivo', 'Antananarivo', 'Madagascar', NULL, NULL, '2000024347', '20219112002000231', NULL, NULL, NULL),
(51, 'Soatao', 'Ankofafa', 'Fianarantsoa', 'Fianarantsoa', 'Madagascar', NULL, NULL, '1000101528', '51519212008000462', NULL, NULL, NULL),
(52, 'MAVAL', 'Ampasambazaha', 'Fianarantsoa', 'Fianarantsoa', 'Madagascar', NULL, NULL, '4002292924', '47511212016000404', NULL, NULL, NULL),
(53, 'Electro Box', 'Ampasambazaha', 'Fianarantsoa', 'Fianarantsoa', 'Madagascar', NULL, NULL, '1002202239', '46303212016000081', NULL, NULL, NULL),
(54, 'Vista Electronique', 'Ampasambazaha', 'Fianarantsoa', 'Fianarantsoa', 'Madagascar', NULL, NULL, '3002407704', '47599212016000661', NULL, NULL, NULL),
(55, 'Vonifanja Mpanefy', NULL, 'Fianarantsoa', 'Fianarantsoa', 'Madagascar', NULL, NULL, '4000824822', '25938212010000113', NULL, NULL, NULL),
(56, 'Magasin Fy', 'Pavillon 11 Ampasambazaha', 'Fianarantsoa', 'Fianarantsoa', 'Madagascar', NULL, NULL, '5002640971', '47734212017000246', NULL, NULL, NULL),
(57, 'Sodim', 'Lot IVX 5A Bis Ankazomiranga', 'Antananarivo', 'Antananarivo', 'Madagascar', NULL, NULL, '5000068686', '46101111996010072', NULL, NULL, NULL),
(58, 'CPL', 'Lot IVL 240 DA Anosivavaka', 'Antananarivo', 'Antananarivo', 'Madagascar', NULL, NULL, '2000065137', '45301112006010010', NULL, NULL, NULL),
(59, 'Super Marché 3000', 'Ampasambazaha', 'Fianarantsoa', 'Fianarantsoa', 'Madagascar', NULL, NULL, '1000063004', '47110212008000293', NULL, NULL, NULL),
(60, 'Chez Rakoto', 'Antarandolo', 'Fianarantsoa', 'Fianarantsoa', 'Madagascar', NULL, NULL, '5000887532', '47110212004000315', NULL, NULL, NULL),
(61, 'Auto Pièce Minech', 'Ampasambazaha', 'Fianarantsoa', 'Fianarantsoa', 'Madagascar', NULL, NULL, '4000098063', '45302212001010006', NULL, NULL, NULL),
(62, 'Ravelojaona Andrianarivo', 'Antarandolo ', 'Fianarantsoa', 'Fianarantsoa', 'Madagascar', NULL, NULL, '4002609086', '47110212015000351', NULL, NULL, NULL),
(63, 'Magasin fandrosoana', 'Ambatomena ', 'Fianarantsoa', 'Fianarantsoa', 'Madagascar', NULL, NULL, '4000104592', '47594212007000591', NULL, NULL, NULL),
(64, 'Cabinet Officine Veterinaire AVEMA', 'Ampasambazaha', 'Fianarantsoa', 'Fianarantsoa', 'Madagascar', NULL, NULL, '40006084466', '47734211997000103', NULL, NULL, NULL),
(65, 'INJET', 'Parcelle 34 Tana water Front', 'Antananarivo', 'Antananarivo', 'Madagascar', NULL, NULL, '3000058055', '73101111999000099', NULL, NULL, NULL),
(66, 'Quilncaillerie Tsimanavaka', 'Ampasambazaha', 'Fianarantsoa', 'Fianarantsoa', 'Madagascar', NULL, NULL, '4000209769', '47521212007000345', NULL, NULL, NULL),
(67, 'Société SIF', 'Immeuble Lam Seck Ampasambazaha ', 'Fianarantsoa', 'Fianarantsoa', 'Madagascar', NULL, NULL, '4000296803', '70120212004000047', NULL, NULL, NULL),
(68, 'XXX', 'Antanifotsy IV', 'Fianarantsoa', 'Fianarantsoa', 'Madagascar', NULL, NULL, NULL, '', NULL, NULL, NULL),
(69, 'Mme Delhie Mong Gine', 'Immeuble BFV Antarandolo', 'Fianarantsoa', 'Fianarantsoa', 'Madagascar', NULL, NULL, '4000126573', '70120211992000057', NULL, NULL, NULL),
(70, 'Pro Sodure', 'Lot 27 H 10 Volavita Antsirabe ', 'Antsirabe', 'Antananarivo ', 'Madagascar', NULL, NULL, '6001489381', '46491122014000033', NULL, NULL, NULL),
(71, 'Auto tractor', 'Zorozoroana', 'Fianarantsoa', 'Fianarantsoa', 'Madagascar', NULL, NULL, '4000178815', '45302211990000003', NULL, NULL, NULL),
(72, 'Garage Relax', 'LOT IB447/3611 Tanambao', 'Fianarantsoa', 'Fianarantsoa', 'Madagascar', NULL, NULL, '3000851051', '45201212007100241', NULL, NULL, NULL),
(73, 'Lycée Technique Beravina', NULL, 'Beravina', 'Fianarantsoa', 'Madagascar', NULL, NULL, NULL, '', NULL, NULL, NULL),
(74, 'Capitonneur Avotra', 'Beravina', 'Fianarantsoa', 'Fianarantsoa', 'Madagascar', NULL, NULL, NULL, '', '108991060711', NULL, NULL),
(75, 'Auto Pièces Concorde', 'Lot D79/3601 Ambatomena FNR', 'Fianarantsoa', 'Fianarantsoa', 'Madagascar', NULL, NULL, '4000929539', '50303212013001560', NULL, NULL, NULL),
(76, 'Soatao', 'Karenjy Ankofafalahy', 'Fianarantsoa', 'Fianarantsoa', 'Madagascar', NULL, NULL, '1000101528', '51519212008000462', NULL, NULL, NULL),
(77, 'Mr Hary Informaticien', NULL, 'Fianarantsoa', 'Fianarantsoa', 'Madagascar', NULL, NULL, NULL, '', NULL, NULL, NULL),
(78, 'Menuiserie Ecar', NULL, 'Ambozontany', 'Fianarantsoa', 'Madagascar', NULL, NULL, '3000067706', '52261211961000001', NULL, NULL, NULL),
(79, 'Mobiliers de Hautes Terres', 'Tamponjina', 'Fianarantsoa', 'Fianarantsoa', 'Madagascar', NULL, NULL, '4000069929', '74133212010000149', NULL, NULL, NULL),
(80, 'Autopièce Minech', 'Ampasambazaha ', 'Fianarantsoa', 'Fianarantsoa', 'Madagascar', NULL, NULL, '4000098063', '45302212001010006', NULL, NULL, NULL),
(81, 'Garage La Pointe', 'Antarandolo', 'Fianarantsoa', 'Fianarantsoa', 'Madagascar', NULL, NULL, '3000803444', '45201211990000050', NULL, NULL, NULL),
(82, 'Quincapièce', 'antarandolo', 'Fianarantsoa', 'Fianarantsoa', 'Madagascar', NULL, NULL, '4000033670', '45302211996000011', NULL, NULL, NULL),
(83, 'SPR', 'Talatamaty', 'Fianarantsoa', 'Fianarantsoa', 'Madagascar', NULL, NULL, '5000325985', '41002222006000093', NULL, NULL, NULL),
(84, 'Andrianarivo Solonolona', NULL, 'Fianarantsoa', 'Fianarantsoa', 'Madagascar', NULL, NULL, NULL, NULL, '108071013437', NULL, NULL),
(85, 'Herinirina Yves', NULL, 'Fianarantsoa', 'Fianarantsoa', 'Madagascar', NULL, NULL, NULL, NULL, '201031040408', NULL, NULL),
(86, 'CPL', 'Lot IVL240DA Ambohimanarina ', 'Antananarivo', 'Antananarivo ', 'Madagascar', NULL, NULL, '2000065137', '50303112006010010', NULL, NULL, NULL),
(87, 'Rafidisaona Georges', 'Lot 0702A/0380 C Tsianolondroa ', 'Fianarantsoa', 'Fianarantsoa', 'Madagascar', NULL, NULL, '2000005537', '46101111978000002', NULL, NULL, NULL),
(88, 'Dewany', 'Ampasambazaha', 'Fianarantsoa', 'Fianarantsoa', 'Madagascar', NULL, NULL, '3000033911', '47822211989000007', NULL, NULL, NULL),
(89, 'Salone Transport', 'ZI Forello Tanjombato ', 'Antananarivo', 'Antananarivo ', 'Madagascar', NULL, NULL, '3000081531', '15731111963000015', NULL, NULL, NULL),
(90, 'Triumph Madagascar', 'Zone Zital Ankorondrano', 'Ankorondrano', 'Antananarivo ', 'Madagascar', NULL, NULL, '3000104270', '45301111997010037', NULL, NULL, NULL),
(91, 'Atelier Nirina', 'LOT AB 38/3609 Beravina', 'Fianarantsoa', 'Fianarantsoa', 'Madagascar', NULL, NULL, '4000825747', '18113211993000086', NULL, NULL, NULL),
(92, 'Ratovoheriniaina Solofo', NULL, 'Fianarantsoa', 'Fianarantsoa', 'Madagascar', NULL, NULL, NULL, NULL, '201011005151', NULL, NULL),
(93, 'Assurace ARO', 'Antsahavola', 'Antananarivo', 'Antananarivo ', 'Madagascar', NULL, NULL, '2000000195', '65200111948110004', NULL, NULL, NULL),
(94, 'Association AMD', 'Antarambiby', 'Fianarantsoa', 'Fianarantsoa', 'Madagascar', NULL, NULL, NULL, '', NULL, NULL, NULL),
(95, 'Biotope', 'Lot II M99 Antsakaviro ', 'Antananarivo', 'Antananarivo ', 'Madagascar', NULL, NULL, '3000224172', '74103112008010047', NULL, NULL, NULL),
(96, 'DREEFM Fianarantsoa', 'Isaha', 'Fianarantsoa', 'Fianarantsoa', 'Madagascar', NULL, NULL, NULL, '', NULL, NULL, NULL),
(97, 'Cabinet Impact', 'Antananarivo', 'Antananarivo', 'Antananarivo ', 'Madagascar', NULL, NULL, '4000370572', '74906112000002364', NULL, NULL, NULL),
(98, 'Rakotonirina Angelo', 'Fianarantsoa', 'fianarantsoa', 'fianarantsoa', 'madagascar', NULL, NULL, NULL, '', '201091001503', NULL, NULL),
(99, 'Rasoandro Andrianandrasana', 'Ampitakely', 'fianarantsoa', 'fianarantsoa', 'madagascar', NULL, NULL, NULL, '', '201011020835', NULL, NULL),
(100, 'Poste', 'Ampasambazaha', 'Fianarantsoa', 'Fianarantsoa', 'Madagascar', NULL, NULL, NULL, '', NULL, NULL, NULL),
(101, 'Colis express', 'Lot IIIS307 Anosibe', 'Antananarivo', 'Antananarivo ', 'Madagascar', NULL, NULL, '3000150589', '53202112006010699', NULL, NULL, NULL),
(102, 'Rapide Service', 'Antaninandro ', 'Antananarivo', 'Antananarivo ', 'Madagascar', NULL, NULL, '3001019064', '96023112012010789', NULL, NULL, NULL),
(103, 'Erra Service', 'Antarandolo ', 'Fianarantsoa', 'Fianarantsoa', 'Madagascar', NULL, NULL, '5001258957', '47613212003000066', NULL, NULL, NULL),
(104, 'Orange Madagascar', 'Imm Galaxy Andraharo', 'Antananarivo', 'Antananarivo ', 'Madagascar', NULL, NULL, '2000002340', '61202111997010016', NULL, NULL, NULL),
(105, 'BNI M/CAR', 'Antananarivo', 'Antananarivo', 'Antananarivo ', 'Madagascar', NULL, NULL, '3000021585', '61191111977010001', NULL, NULL, NULL),
(106, 'François Bueche ', 'Fianarantsoa', 'Fianarantsoa', 'Fianarantsoa', 'Madagascar', NULL, NULL, '4000854353', NULL, NULL, NULL, NULL),
(107, 'Siou Mi Lene', 'Antarandolo', 'Fianarantsoa', 'Fianarantsoa', 'Madagascar', NULL, NULL, '3000383603', '60301212005000300', NULL, NULL, NULL),
(108, 'FCE', 'fianarantsoa', 'fianarantsoa', 'fianarantsoa', 'madagascar', NULL, NULL, NULL, NULL, NULL, NULL, NULL),
(109, 'Personnels journaliers', 'fianarantsoa', 'fianarantsoa', 'fianarantsoa', 'madagascar', NULL, NULL, NULL, NULL, NULL, NULL, NULL),
(110, 'Complexe Soafia', 'fianarantsoa', 'fianarantsoa', 'fianarantsoa', 'madagascar', NULL, NULL, '22001634025', '55101212014000836', NULL, NULL, NULL);

-- --------------------------------------------------------

--
-- Structure de la table `livraison`
--

CREATE TABLE `livraison` (
  `ID_LIV` int(11) NOT NULL,
  `TYPE_LIV` varchar(50) NOT NULL,
  `DATE_LIV` date NOT NULL,
  `REF_LIV` varchar(30) NOT NULL
) ENGINE=InnoDB DEFAULT CHARSET=latin1;

--
-- Déchargement des données de la table `livraison`
--

INSERT INTO `livraison` (`ID_LIV`, `TYPE_LIV`, `DATE_LIV`, `REF_LIV`) VALUES
(6, '3', '2014-06-02', 'NETOYAGE324'),
(10, '1', '2014-06-22', 'bbb'),
(11, '4', '2014-06-22', 'nnnnn'),
(12, '2', '2014-06-22', 'gggg');

-- --------------------------------------------------------

--
-- Structure de la table `liv_bon`
--

CREATE TABLE `liv_bon` (
  `ID_BONL` int(11) NOT NULL,
  `REF_LIV` varchar(30) NOT NULL,
  `SOLDE` varchar(3) NOT NULL DEFAULT 'NON',
  `TYPE_LIV` varchar(100) DEFAULT NULL,
  `DATE_BONL` date NOT NULL
) ENGINE=InnoDB DEFAULT CHARSET=latin1;

--
-- Déchargement des données de la table `liv_bon`
--

INSERT INTO `liv_bon` (`ID_BONL`, `REF_LIV`, `SOLDE`, `TYPE_LIV`, `DATE_BONL`) VALUES
(6, '9874FD/4621-4622', 'NON', 'Bois 4F', '2018-02-25');

-- --------------------------------------------------------

--
-- Structure de la table `tarifs`
--

CREATE TABLE `tarifs` (
  `ID_TARIF` int(2) NOT NULL,
  `TARIF` varchar(50) NOT NULL,
  `MONTANTHT` int(10) NOT NULL,
  `TVA` int(2) NOT NULL
) ENGINE=MyISAM DEFAULT CHARSET=utf8;

--
-- Déchargement des données de la table `tarifs`
--

INSERT INTO `tarifs` (`ID_TARIF`, `TARIF`, `MONTANTHT`, `TVA`) VALUES
(1, 'Bois brut 1', 320000, 20),
(2, 'Bois brut 2', 325000, 20),
(3, 'Bois brut 3', 330000, 20),
(4, 'Bois brut 4', 335000, 20),
(5, 'Bois brut 5', 340000, 20),
(6, 'Bois brut 6', 345000, 20),
(7, 'Bois brut 7', 350000, 20),
(8, 'Bois brut 8', 355000, 20),
(9, 'Bois brut 9', 360000, 20),
(10, 'Bois brut 10', 370000, 20),
(11, 'Bois brut 11', 380000, 20),
(12, 'Bois brut 12', 390000, 20),
(13, 'Lamellé collé', 1300000, 20),
(14, 'Lamellé collé', 1450000, 20),
(15, 'BR40', 717, 20),
(16, 'BR50', 735, 20),
(17, 'Tarif17', 893, 20),
(18, 'Tarif18', 1050, 20),
(19, 'Tarif19', 1260, 20),
(20, 'PL60/CJ40/G28', 1360, 20),
(21, 'PL90', 1577, 20),
(22, 'Tarif22', 1733, 20),
(23, 'Tarif23', 2195, 20),
(24, 'Tarif24', 2205, 20),
(25, 'Tarif25', 2835, 20),
(26, 'BR 160', 3859, 20),
(27, 'PR145', 5745, 20),
(28, 'PR165', 6384, 20),
(29, 'PR280', 10209, 20),
(30, 'F110', 17812, 20),
(31, 'F86', 19139, 20),
(32, 'F60', 20418, 20),
(33, 'CL105', 22976, 20),
(34, 'P86', 25523, 20),
(35, 'P60', 26747, 20),
(39, 'P110', 23704, 20),
(41, 'DossPM', 550, 20),
(42, 'DossGM', 600, 20),
(43, 'Kitay1', 21000, 20),
(44, 'Kitay2', 22000, 20),
(45, 'kitay3', 25000, 20),
(46, 'Panneau1', 1659, 20),
(47, 'Panneau2', 19845, 20),
(48, 'Panneau3', 24255, 20),
(49, 'Panneau4', 19845, 20),
(50, 'Panneau5', 26460, 20),
(51, 'Panneau6', 31973, 20),
(52, 'Panneau7', 17640, 20),
(53, 'Panneau8', 22050, 20),
(54, 'Panneau9', 27563, 20),
(55, 'Panneau10', 22050, 20),
(56, 'Panneau11', 30870, 20),
(57, 'Panneau12', 37485, 20),
(58, 'Briquete', 0, 0),
(59, 'Charbon', 0, 0),
(60, 'Dechet', 0, 0),
(61, 'DBR 40', 487, 20),
(62, 'DBR 50', 516, 20),
(63, 'DBR 60', 603, 20),
(64, 'DBR 70', 689, 20),
(65, 'DBR 80', 805, 20),
(66, 'DBR 100', 1066, 20),
(67, 'PQ 70x2', 2536, 20),
(68, 'PQ 70x2.4', 2999, 20),
(69, 'PQ 80x2', 2999, 20),
(70, 'PQ 80x2.4', 3554, 20),
(100, 'Indefini', 0, 0);

-- --------------------------------------------------------

--
-- Structure de la table `type`
--

CREATE TABLE `type` (
  `ID_TYPE` int(11) NOT NULL,
  `TYPE` varchar(30) NOT NULL
) ENGINE=InnoDB DEFAULT CHARSET=latin1;

--
-- Déchargement des données de la table `type`
--

INSERT INTO `type` (`ID_TYPE`, `TYPE`) VALUES
(1, 'Bois brut'),
(4, 'Bois énergie'),
(9, 'Bois profile à peindre'),
(3, 'Bois profile à vernir'),
(7, 'Bois rond'),
(6, 'Lamelle-colle'),
(8, 'Panneaux'),
(5, 'Produit jardin');

-- --------------------------------------------------------

--
-- Structure de la table `unite`
--

CREATE TABLE `unite` (
  `ID_UNITE` int(10) NOT NULL,
  `UNITE` varchar(5) CHARACTER SET utf8 NOT NULL
) ENGINE=MyISAM DEFAULT CHARSET=latin1;

--
-- Déchargement des données de la table `unite`
--

INSERT INTO `unite` (`ID_UNITE`, `UNITE`) VALUES
(1, 'M3'),
(2, 'M2'),
(3, 'ML'),
(4, 'U'),
(5, 'Stere'),
(6, 'KG');

-- --------------------------------------------------------

--
-- Structure de la table `utilisateur`
--

CREATE TABLE `utilisateur` (
  `ID_USER` int(11) NOT NULL,
  `LOGIN` varchar(30) NOT NULL,
  `NOM` varchar(30) NOT NULL,
  `PRENOM` varchar(30) NOT NULL,
  `DATENAIS` date NOT NULL,
  `SEXE` varchar(3) NOT NULL,
  `SERVICE` varchar(30) NOT NULL,
  `ADRESSE` text,
  `TEL1` varchar(10) NOT NULL,
  `PW` varchar(30) NOT NULL
) ENGINE=InnoDB DEFAULT CHARSET=latin1;

--
-- Déchargement des données de la table `utilisateur`
--

INSERT INTO `utilisateur` (`ID_USER`, `LOGIN`, `NOM`, `PRENOM`, `DATENAIS`, `SEXE`, `SERVICE`, `ADRESSE`, `TEL1`, `PW`) VALUES
(1, 'Madachri', 'Chris', 'Madachri', '1957-08-01', 'M', 'ADMINISTRATION', 'BlaBlabla', '0348482458', 'madachri2017'),
(9, 'ZAHIA', 'LARROUSSI', 'ZAHIA', '1981-03-05', 'M', 'ADMINISTRATION', '5 RUE HAJ JILLALI EL OUFIR CASABLANCA MAROC', '0663346677', 'DRISSBOUCHRA'),
(10, 'James', 'James', 'James', '1990-01-01', 'M', 'EMPLOYE', 'blabla', '0340000000', 'lsb*scieries'),
(11, 'Gabriella', 'Gabriella', 'Gabriella', '1990-01-01', 'F', 'EMPLOYE', '', '0301000000', 'lsb*scieries');

--
-- Index pour les tables déchargées
--

--
-- Index pour la table `article`
--
ALTER TABLE `article`
  ADD PRIMARY KEY (`ID_A`),
  ADD KEY `ID_TYPE` (`ID_TYPE`),
  ADD KEY `ID_FAMILLE` (`ID_FAMILLE`);

--
-- Index pour la table `bon_com`
--
ALTER TABLE `bon_com`
  ADD PRIMARY KEY (`ID_BONC`),
  ADD KEY `LOGIN` (`LOGIN`),
  ADD KEY `ID_F` (`ID_F`);

--
-- Index pour la table `client`
--
ALTER TABLE `client`
  ADD PRIMARY KEY (`ID_C`),
  ADD KEY `RAISSO_C` (`RAISSO_C`);

--
-- Index pour la table `commande`
--
ALTER TABLE `commande`
  ADD PRIMARY KEY (`ID_CO`),
  ADD KEY `LOGIN` (`LOGIN`),
  ADD KEY `ID_C` (`ID_C`);

--
-- Index pour la table `contenir_bon`
--
ALTER TABLE `contenir_bon`
  ADD PRIMARY KEY (`ID_BONC`,`ID_A`),
  ADD KEY `ID_A` (`ID_A`);

--
-- Index pour la table `contenir_bon_l`
--
ALTER TABLE `contenir_bon_l`
  ADD PRIMARY KEY (`ID_LIGNE`),
  ADD KEY `ID_A` (`ID_A`),
  ADD KEY `ID_BONL` (`ID_BONL`) USING BTREE;

--
-- Index pour la table `contenir_co`
--
ALTER TABLE `contenir_co`
  ADD PRIMARY KEY (`ID_A`,`ID_CO`),
  ADD UNIQUE KEY `ID_CO_LIGNE` (`ID_CO_LIGNE`),
  ADD KEY `ID_CO` (`ID_CO`);

--
-- Index pour la table `contenir_dv`
--
ALTER TABLE `contenir_dv`
  ADD PRIMARY KEY (`ID_A`,`ID_DV`),
  ADD UNIQUE KEY `ID_CO_LIGNE` (`ID_DV_LIGNE`),
  ADD KEY `ID_CO` (`ID_DV`);

--
-- Index pour la table `devis`
--
ALTER TABLE `devis`
  ADD PRIMARY KEY (`ID_DV`),
  ADD KEY `ID_C` (`ID_C`);

--
-- Index pour la table `facture`
--
ALTER TABLE `facture`
  ADD PRIMARY KEY (`ID_FA`),
  ADD KEY `ID_CO` (`ID_CO`);

--
-- Index pour la table `famille`
--
ALTER TABLE `famille`
  ADD PRIMARY KEY (`ID_FAM`),
  ADD KEY `ID_TYPE` (`ID_TYPE`),
  ADD KEY `FAMILLE` (`FAMILLE`);

--
-- Index pour la table `fournir`
--
ALTER TABLE `fournir`
  ADD PRIMARY KEY (`ID_A`,`ID_F`),
  ADD KEY `ID_F` (`ID_F`);

--
-- Index pour la table `fournisseur`
--
ALTER TABLE `fournisseur`
  ADD PRIMARY KEY (`ID_F`);

--
-- Index pour la table `livraison`
--
ALTER TABLE `livraison`
  ADD PRIMARY KEY (`ID_LIV`),
  ADD KEY `ID_CO` (`TYPE_LIV`);

--
-- Index pour la table `liv_bon`
--
ALTER TABLE `liv_bon`
  ADD PRIMARY KEY (`ID_BONL`),
  ADD KEY `ID_BONC` (`TYPE_LIV`);

--
-- Index pour la table `tarifs`
--
ALTER TABLE `tarifs`
  ADD PRIMARY KEY (`ID_TARIF`),
  ADD KEY `Tarif` (`TARIF`);

--
-- Index pour la table `type`
--
ALTER TABLE `type`
  ADD PRIMARY KEY (`ID_TYPE`),
  ADD KEY `TYPE` (`TYPE`);

--
-- Index pour la table `unite`
--
ALTER TABLE `unite`
  ADD PRIMARY KEY (`ID_UNITE`);

--
-- Index pour la table `utilisateur`
--
ALTER TABLE `utilisateur`
  ADD PRIMARY KEY (`ID_USER`),
  ADD KEY `ID_USER` (`ID_USER`),
  ADD KEY `LOGIN` (`LOGIN`);

--
-- AUTO_INCREMENT pour les tables déchargées
--

--
-- AUTO_INCREMENT pour la table `article`
--
ALTER TABLE `article`
  MODIFY `ID_A` int(11) NOT NULL AUTO_INCREMENT, AUTO_INCREMENT=532;

--
-- AUTO_INCREMENT pour la table `bon_com`
--
ALTER TABLE `bon_com`
  MODIFY `ID_BONC` int(11) NOT NULL AUTO_INCREMENT, AUTO_INCREMENT=14;

--
-- AUTO_INCREMENT pour la table `client`
--
ALTER TABLE `client`
  MODIFY `ID_C` int(11) NOT NULL AUTO_INCREMENT, AUTO_INCREMENT=121;

--
-- AUTO_INCREMENT pour la table `commande`
--
ALTER TABLE `commande`
  MODIFY `ID_CO` int(11) NOT NULL AUTO_INCREMENT, AUTO_INCREMENT=10;

--
-- AUTO_INCREMENT pour la table `contenir_bon_l`
--
ALTER TABLE `contenir_bon_l`
  MODIFY `ID_LIGNE` int(5) NOT NULL AUTO_INCREMENT, AUTO_INCREMENT=96;

--
-- AUTO_INCREMENT pour la table `contenir_co`
--
ALTER TABLE `contenir_co`
  MODIFY `ID_CO_LIGNE` int(5) NOT NULL AUTO_INCREMENT, AUTO_INCREMENT=33;

--
-- AUTO_INCREMENT pour la table `contenir_dv`
--
ALTER TABLE `contenir_dv`
  MODIFY `ID_DV_LIGNE` int(5) NOT NULL AUTO_INCREMENT, AUTO_INCREMENT=106;

--
-- AUTO_INCREMENT pour la table `devis`
--
ALTER TABLE `devis`
  MODIFY `ID_DV` int(11) NOT NULL AUTO_INCREMENT, AUTO_INCREMENT=10;

--
-- AUTO_INCREMENT pour la table `facture`
--
ALTER TABLE `facture`
  MODIFY `ID_FA` int(11) NOT NULL AUTO_INCREMENT, AUTO_INCREMENT=9;

--
-- AUTO_INCREMENT pour la table `famille`
--
ALTER TABLE `famille`
  MODIFY `ID_FAM` int(11) NOT NULL AUTO_INCREMENT, AUTO_INCREMENT=52;

--
-- AUTO_INCREMENT pour la table `fournisseur`
--
ALTER TABLE `fournisseur`
  MODIFY `ID_F` int(11) NOT NULL AUTO_INCREMENT, AUTO_INCREMENT=111;

--
-- AUTO_INCREMENT pour la table `livraison`
--
ALTER TABLE `livraison`
  MODIFY `ID_LIV` int(11) NOT NULL AUTO_INCREMENT, AUTO_INCREMENT=13;

--
-- AUTO_INCREMENT pour la table `liv_bon`
--
ALTER TABLE `liv_bon`
  MODIFY `ID_BONL` int(11) NOT NULL AUTO_INCREMENT, AUTO_INCREMENT=7;

--
-- AUTO_INCREMENT pour la table `tarifs`
--
ALTER TABLE `tarifs`
  MODIFY `ID_TARIF` int(2) NOT NULL AUTO_INCREMENT, AUTO_INCREMENT=101;

--
-- AUTO_INCREMENT pour la table `type`
--
ALTER TABLE `type`
  MODIFY `ID_TYPE` int(11) NOT NULL AUTO_INCREMENT, AUTO_INCREMENT=10;

--
-- AUTO_INCREMENT pour la table `unite`
--
ALTER TABLE `unite`
  MODIFY `ID_UNITE` int(10) NOT NULL AUTO_INCREMENT, AUTO_INCREMENT=7;

--
-- AUTO_INCREMENT pour la table `utilisateur`
--
ALTER TABLE `utilisateur`
  MODIFY `ID_USER` int(11) NOT NULL AUTO_INCREMENT, AUTO_INCREMENT=12;

--
-- Contraintes pour les tables déchargées
--

--
-- Contraintes pour la table `article`
--
ALTER TABLE `article`
  ADD CONSTRAINT `Type` FOREIGN KEY (`ID_TYPE`) REFERENCES `type` (`ID_TYPE`) ON DELETE NO ACTION ON UPDATE NO ACTION;

--
-- Contraintes pour la table `bon_com`
--
ALTER TABLE `bon_com`
  ADD CONSTRAINT `bon_com_ibfk_2` FOREIGN KEY (`ID_F`) REFERENCES `fournisseur` (`ID_F`);

--
-- Contraintes pour la table `contenir_bon`
--
ALTER TABLE `contenir_bon`
  ADD CONSTRAINT `contenir_bon_ibfk_1` FOREIGN KEY (`ID_BONC`) REFERENCES `bon_com` (`ID_BONC`),
  ADD CONSTRAINT `contenir_bon_ibfk_2` FOREIGN KEY (`ID_A`) REFERENCES `article` (`ID_A`);

--
-- Contraintes pour la table `contenir_bon_l`
--
ALTER TABLE `contenir_bon_l`
  ADD CONSTRAINT `contenir_bon_l_ibfk_1` FOREIGN KEY (`ID_BONL`) REFERENCES `liv_bon` (`ID_BONL`),
  ADD CONSTRAINT `contenir_bon_l_ibfk_2` FOREIGN KEY (`ID_A`) REFERENCES `article` (`ID_A`);

--
-- Contraintes pour la table `contenir_co`
--
ALTER TABLE `contenir_co`
  ADD CONSTRAINT `contenir_co_ibfk_1` FOREIGN KEY (`ID_A`) REFERENCES `article` (`ID_A`),
  ADD CONSTRAINT `contenir_co_ibfk_2` FOREIGN KEY (`ID_CO`) REFERENCES `commande` (`ID_CO`);

--
-- Contraintes pour la table `famille`
--
ALTER TABLE `famille`
  ADD CONSTRAINT `Famille` FOREIGN KEY (`ID_TYPE`) REFERENCES `type` (`ID_TYPE`);

--
-- Contraintes pour la table `fournir`
--
ALTER TABLE `fournir`
  ADD CONSTRAINT `fournir_ibfk_1` FOREIGN KEY (`ID_A`) REFERENCES `article` (`ID_A`),
  ADD CONSTRAINT `fournir_ibfk_2` FOREIGN KEY (`ID_F`) REFERENCES `fournisseur` (`ID_F`);
COMMIT;

/*!40101 SET CHARACTER_SET_CLIENT=@OLD_CHARACTER_SET_CLIENT */;
/*!40101 SET CHARACTER_SET_RESULTS=@OLD_CHARACTER_SET_RESULTS */;
/*!40101 SET COLLATION_CONNECTION=@OLD_COLLATION_CONNECTION */;
