-- phpMyAdmin SQL Dump
-- version 4.7.7
-- https://www.phpmyadmin.net/
--
-- Hôte : localhost
-- Généré le :  sam. 03 mars 2018 à 06:11
-- Version du serveur :  5.7.14
-- Version de PHP :  5.6.25

SET SQL_MODE = "NO_AUTO_VALUE_ON_ZERO";
SET AUTOCOMMIT = 0;
START TRANSACTION;
SET time_zone = "+00:00";


/*!40101 SET @OLD_CHARACTER_SET_CLIENT=@@CHARACTER_SET_CLIENT */;
/*!40101 SET @OLD_CHARACTER_SET_RESULTS=@@CHARACTER_SET_RESULTS */;
/*!40101 SET @OLD_COLLATION_CONNECTION=@@COLLATION_CONNECTION */;
/*!40101 SET NAMES utf8mb4 */;

--
-- Base de données :  `projet`
--

-- --------------------------------------------------------

--
-- Structure de la table `article`
--

CREATE TABLE `article` (
  `ID_A` int(11) NOT NULL,
  `DESIGNATION` varchar(30) NOT NULL,
  `ID_TYPE` int(4) NOT NULL,
  `ID_FAMILLE` int(4) NOT NULL,
  `LONGUEUR` decimal(10,2) DEFAULT '0.00',
  `LARGEUR` int(11) DEFAULT '0',
  `EPAISSEUR` int(11) DEFAULT '0',
  `U_Pqt` int(11) DEFAULT '0',
  `DIAMETRE` decimal(10,0) DEFAULT '0',
  `HAUTEUR` decimal(10,0) DEFAULT '0',
  `QTE_STO` int(11) DEFAULT '0',
  `QTE_MIN` int(11) DEFAULT '0',
  `CHEMIN_IMG` varchar(70) DEFAULT NULL,
  `QTE` decimal(10,3) DEFAULT '0.000',
  `TYPE` varchar(25) DEFAULT NULL,
  `FAMILLE` varchar(30) DEFAULT NULL,
  `UNITE` varchar(5) DEFAULT NULL,
  `ID_TARIF` int(2) DEFAULT '0',
  `PRIX_U` decimal(10,2) DEFAULT '0.00',
  `TX` int(4) DEFAULT '0',
  `PV_HT` decimal(10,2) DEFAULT '0.00'
) ENGINE=InnoDB DEFAULT CHARSET=latin1;

--
-- Déchargement des données de la table `article`
--

INSERT INTO `article` (`ID_A`, `DESIGNATION`, `ID_TYPE`, `ID_FAMILLE`, `LONGUEUR`, `LARGEUR`, `EPAISSEUR`, `U_Pqt`, `DIAMETRE`, `HAUTEUR`, `QTE_STO`, `QTE_MIN`, `CHEMIN_IMG`, `QTE`, `TYPE`, `FAMILLE`, `UNITE`, `ID_TARIF`, `PRIX_U`, `TX`, `PV_HT`) VALUES
(1, 'Pl/4x100x25', 1, 1, '4.00', 100, 25, 1, '0', '0', 0, 0, '../images/Planche.png', '0.010', 'Bois brut', 'Planche', 'M3', 1, '300000.00', 0, '300000.00'),
(2, 'Pl/4x100x22', 1, 1, '4.00', 100, 22, 1, '0', '0', 0, 0, '../images/Planche.png', '0.009', 'Bois brut', 'Planche', 'M3', 1, '300000.00', 0, '300000.00'),
(3, 'Pl/4x125x25', 1, 1, '4.00', 125, 25, 1, '0', '0', 0, 0, '../images/Planche.png', '0.013', 'Bois brut', 'Planche', 'M3', 1, '300000.00', 0, '300000.00'),
(4, 'Pl/4x125x22', 1, 1, '4.00', 125, 22, 1, '0', '0', 0, 0, '../images/Planche.png', '0.011', 'Bois brut', 'Planche', 'M3', 1, '300000.00', 0, '300000.00'),
(5, 'Pl/4x150x25', 1, 1, '4.00', 150, 25, 1, '0', '0', 0, 0, '../images/Planche.png', '0.015', 'Bois brut', 'Planche', 'M3', 1, '300000.00', 0, '300000.00'),
(6, 'Pl/4x150x22', 1, 1, '4.00', 150, 22, 1, '0', '0', 0, 0, '../images/Planche.png', '0.013', 'Bois brut', 'Planche', 'M3', 1, '300000.00', 0, '300000.00'),
(7, 'Pl/4x175x25', 1, 1, '4.00', 175, 25, 1, '0', '0', 0, 0, '../images/Planche.png', '0.018', 'Bois brut', 'Planche', 'M3', 4, '315000.00', 0, '315000.00'),
(8, 'Pl/4x175x22', 1, 1, '4.00', 175, 22, 1, '0', '0', 0, 0, '../images/Planche.png', '0.015', 'Bois brut', 'Planche', 'M3', 4, '315000.00', 0, '315000.00'),
(9, 'Pl/2,5x100x25', 1, 1, '2.50', 100, 25, 1, '0', '0', 0, 0, '../images/Planche.png', '0.006', 'Bois brut', 'Planche', 'M3', 1, '300000.00', 0, '300000.00'),
(10, 'Pl/2,5x100x22', 1, 1, '2.50', 100, 22, 1, '0', '0', 0, 0, '../images/Planche.png', '0.006', 'Bois brut', 'Planche', 'M3', 1, '300000.00', 0, '300000.00'),
(11, 'Pl/2,5x125x25', 1, 1, '2.50', 125, 25, 1, '0', '0', 0, 0, '../images/Planche.png', '0.008', 'Bois brut', 'Planche', 'M3', 1, '300000.00', 0, '300000.00'),
(12, 'Pl/2,5x125x22', 1, 1, '2.50', 125, 22, 1, '0', '0', 0, 0, '../images/Planche.png', '0.007', 'Bois brut', 'Planche', 'M3', 1, '300000.00', 0, '300000.00'),
(13, 'Pl/2,5x150x25', 1, 1, '2.50', 150, 25, 1, '0', '0', 0, 0, '../images/Planche.png', '0.009', 'Bois brut', 'Planche', 'M3', 1, '300000.00', 0, '300000.00'),
(14, 'Pl/2,5x150x22', 1, 1, '2.50', 150, 22, 1, '0', '0', 0, 0, '../images/Planche.png', '0.008', 'Bois brut', 'Planche', 'M3', 1, '300000.00', 0, '300000.00'),
(15, 'Pl/2,5x175x25', 1, 1, '2.50', 175, 25, 1, '0', '0', 0, 0, '../images/Planche.png', '0.011', 'Bois brut', 'Planche', 'M3', 4, '315000.00', 0, '315000.00'),
(16, 'Pl/2,5x175x22', 1, 1, '2.50', 175, 22, 1, '0', '0', 0, 0, '../images/Planche.png', '0.010', 'Bois brut', 'Planche', 'M3', 4, '315000.00', 0, '315000.00'),
(17, 'Pl/2x150x25', 1, 1, '2.00', 150, 25, 1, '0', '0', 0, 0, '../images/Planche.png', '0.008', 'Bois brut', 'Planche', 'M3', 1, '300000.00', 0, '300000.00'),
(18, 'Pl/2x150x22', 1, 1, '2.00', 150, 22, 1, '0', '0', 0, 0, '../images/Planche.png', '0.007', 'Bois brut', 'Madrier', 'M3', 1, '300000.00', 0, '300000.00'),
(19, 'Pl/2x175x25', 1, 1, '2.00', 175, 25, 1, '0', '0', 0, 0, '../images/Planche.png', '0.009', 'Bois brut', 'Planche', 'M3', 4, '315000.00', 0, '315000.00'),
(20, 'Pl/2x175x22', 1, 1, '2.00', 175, 22, 1, '0', '0', 0, 0, '../images/Planche.png', '0.008', 'Bois brut', 'Planche', 'M3', 4, '315000.00', 0, '315000.00'),
(21, 'Ma/5x100x50', 1, 2, '5.00', 100, 50, 1, '0', '0', 0, 0, '../images/Madrier.png', '0.025', 'Bois brut', 'Madrier', 'M3', 1, '300000.00', 25, '375000.00'),
(22, 'Ma/5x100x63', 1, 2, '5.00', 100, 63, 1, '0', '0', 0, 0, '../images/Madrier.png', '0.032', 'Bois brut', 'Madrier', 'M3', 1, '300000.00', 25, '375000.00'),
(23, 'Ma/5x100x75', 1, 2, '5.00', 100, 75, 1, '0', '0', 0, 0, '../images/Madrier.png', '0.038', 'Bois brut', 'Madrier', 'M3', 1, '300000.00', 25, '375000.00'),
(24, 'Ma/5x125x50', 1, 2, '5.00', 125, 50, 1, '0', '0', 0, 0, '../images/Madrier.png', '0.031', 'Bois brut', 'Madrier', 'M3', 1, '300000.00', 25, '375000.00'),
(25, 'Ma/5x125x63', 1, 2, '5.00', 125, 63, 1, '0', '0', 0, 0, '../images/Madrier.png', '0.039', 'Bois brut', 'Madrier', 'M3', 1, '300000.00', 25, '375000.00'),
(26, 'Ma/5x125x75', 1, 2, '5.00', 125, 75, 1, '0', '0', 0, 0, '../images/Madrier.png', '0.047', 'Bois brut', 'Madrier', 'M3', 1, '300000.00', 25, '375000.00'),
(27, 'Ma/5x150x50', 1, 2, '5.00', 150, 50, 1, '0', '0', 0, 0, '../images/Madrier.png', '0.038', 'Bois brut', 'Madrier', 'M3', 1, '300000.00', 25, '375000.00'),
(28, 'Ma/5x150x63', 1, 2, '5.00', 150, 63, 1, '0', '0', 0, 0, '../images/Madrier.png', '0.047', 'Bois brut', 'Madrier', 'M3', 1, '300000.00', 25, '375000.00'),
(29, 'Ma/5x150x75', 1, 2, '5.00', 150, 75, 1, '0', '0', 0, 0, '../images/Madrier.png', '0.056', 'Bois brut', 'Madrier', 'M3', 1, '300000.00', 25, '375000.00'),
(30, 'Ma/5x175x50', 1, 2, '5.00', 175, 50, 1, '0', '0', 0, 0, '../images/Madrier.png', '0.044', 'Bois brut', 'Madrier', 'M3', 4, '315000.00', 25, '393750.00'),
(31, 'Ma/5x175x63', 1, 2, '5.00', 175, 63, 1, '0', '0', 0, 0, '../images/Madrier.png', '0.055', 'Bois brut', 'Madrier', 'M3', 4, '315000.00', 25, '393750.00'),
(32, 'Ma/5x175x75', 1, 2, '5.00', 175, 75, 1, '0', '0', 0, 0, '../images/Madrier.png', '0.066', 'Bois brut', 'Madrier', 'M3', 4, '315000.00', 25, '393750.00'),
(33, 'Ma/4.5x100x50', 1, 2, '4.50', 100, 50, 1, '0', '0', 0, 0, '../images/Madrier.png', '0.023', 'Bois brut', 'Madrier', 'M3', 1, '300000.00', 25, '375000.00'),
(34, 'Ma/4.5x100x63', 1, 2, '4.50', 100, 63, 1, '0', '0', 0, 0, '../images/Madrier.png', '0.028', 'Bois brut', 'Madrier', 'M3', 1, '300000.00', 25, '375000.00'),
(35, 'Ma/4.5x100x75', 1, 2, '4.50', 100, 75, 1, '0', '0', 0, 0, '../images/Madrier.png', '0.034', 'Bois brut', 'Madrier', 'M3', 1, '300000.00', 25, '375000.00'),
(36, 'Ma/4.5x125x50', 1, 2, '4.50', 125, 50, 1, '0', '0', 0, 0, '../images/Madrier.png', '0.028', 'Bois brut', 'Madrier', 'M3', 1, '300000.00', 25, '375000.00'),
(37, 'Ma/4.5x125x63', 1, 2, '4.50', 125, 63, 1, '0', '0', 0, 0, '../images/Madrier.png', '0.035', 'Bois brut', 'Madrier', 'M3', 1, '300000.00', 25, '375000.00'),
(38, 'Ma/4.5x125x75', 1, 2, '4.50', 125, 75, 1, '0', '0', 0, 0, '../images/Madrier.png', '0.042', 'Bois brut', 'Madrier', 'M3', 1, '300000.00', 25, '375000.00'),
(39, 'Ma/4.5x150x50', 1, 2, '4.50', 150, 50, 1, '0', '0', 0, 0, '../images/Madrier.png', '0.034', 'Bois brut', 'Madrier', 'M3', 1, '300000.00', 25, '375000.00'),
(40, 'Ma/4.5x150x63', 1, 2, '4.50', 150, 63, 1, '0', '0', 0, 0, '../images/Madrier.png', '0.043', 'Bois brut', 'Madrier', 'M3', 1, '300000.00', 25, '375000.00'),
(41, 'Ma/4.5x150x75', 1, 2, '4.50', 150, 75, 1, '0', '0', 0, 0, '../images/Madrier.png', '0.051', 'Bois brut', 'Madrier', 'M3', 1, '300000.00', 25, '375000.00'),
(42, 'Ma/4,5x175x50', 1, 2, '4.50', 175, 50, 1, '0', '0', 0, 0, '../images/Madrier.png', '0.039', 'Bois brut', 'Madrier', 'M3', 4, '315000.00', 25, '393750.00'),
(43, 'Ma/4,5x175x63', 1, 2, '4.50', 175, 63, 1, '0', '0', 0, 0, '../images/Madrier.png', '0.050', 'Bois brut', 'Madrier', 'M3', 4, '315000.00', 25, '393750.00'),
(44, 'Ma/4,5x175x75', 1, 2, '4.50', 175, 75, 1, '0', '0', 0, 0, '../images/Madrier.png', '0.059', 'Bois brut', 'Madrier', 'M3', 4, '315000.00', 25, '393750.00'),
(45, 'Ma/4x100x50', 1, 2, '4.00', 100, 50, 1, '0', '0', 0, 0, '../images/Madrier.png', '0.020', 'Bois brut', 'Madrier', 'M3', 1, '300000.00', 0, '300000.00'),
(46, 'Ma/4x100x63', 1, 2, '4.00', 100, 63, 1, '0', '0', 0, 0, '../images/Madrier.png', '0.025', 'Bois brut', 'Madrier', 'M3', 1, '300000.00', 0, '300000.00'),
(47, 'Ma/4x100x75', 1, 2, '4.00', 100, 75, 1, '0', '0', 0, 0, '../images/Madrier.png', '0.030', 'Bois brut', 'Madrier', 'M3', 1, '300000.00', 0, '300000.00'),
(48, 'Ma/4x125x50', 1, 2, '4.00', 125, 50, 1, '0', '0', 0, 0, '../images/Madrier.png', '0.025', 'Bois brut', 'Madrier', 'M3', 1, '300000.00', 0, '300000.00'),
(49, 'Ma/4x125x63', 1, 2, '4.00', 125, 63, 1, '0', '0', 0, 0, '../images/Madrier.png', '0.032', 'Bois brut', 'Madrier', 'M3', 1, '300000.00', 0, '300000.00'),
(50, 'Ma/4x125x75', 1, 2, '4.00', 125, 75, 1, '0', '0', 0, 0, '../images/Madrier.png', '0.038', 'Bois brut', 'Madrier', 'M3', 1, '300000.00', 0, '300000.00'),
(51, 'Ma/4x150x50', 1, 2, '4.00', 150, 50, 1, '0', '0', 0, 0, '../images/Madrier.png', '0.030', 'Bois brut', 'Madrier', 'M3', 1, '300000.00', 0, '300000.00'),
(52, 'Ma/4x150x63', 1, 2, '4.00', 150, 63, 1, '0', '0', 0, 0, '../images/Madrier.png', '0.038', 'Bois brut', 'Madrier', 'M3', 1, '300000.00', 0, '300000.00'),
(53, 'Ma/4x150x75', 1, 2, '4.00', 150, 75, 1, '0', '0', 0, 0, '../images/Madrier.png', '0.045', 'Bois brut', 'Madrier', 'M3', 1, '300000.00', 0, '300000.00'),
(54, 'Ma/4x175x50', 1, 2, '4.00', 175, 50, 1, '0', '0', 0, 0, '../images/Madrier.png', '0.035', 'Bois brut', 'Madrier', 'M3', 4, '315000.00', 0, '315000.00'),
(55, 'Ma/4x175x63', 1, 2, '4.00', 175, 63, 1, '0', '0', 0, 0, '../images/Madrier.png', '0.044', 'Bois brut', 'Madrier', 'M3', 4, '315000.00', 0, '315000.00'),
(56, 'Ma/4x175x75', 1, 2, '4.00', 175, 75, 1, '0', '0', 0, 0, '../images/Madrier.png', '0.053', 'Bois brut', 'Madrier', 'M3', 4, '315000.00', 0, '315000.00'),
(57, 'Ma/2,5x100x50', 1, 2, '2.50', 100, 50, 1, '0', '0', 0, 0, '../images/Madrier.png', '0.013', 'Bois brut', 'Madrier', 'M3', 4, '315000.00', 0, '315000.00'),
(58, 'Ma/2,5x100x63', 1, 2, '2.50', 100, 63, 1, '0', '0', 0, 0, '../images/Madrier.png', '0.016', 'Bois brut', 'Madrier', 'M3', 4, '315000.00', 0, '315000.00'),
(59, 'Ma/2,5x100x75', 1, 2, '2.50', 100, 75, 1, '0', '0', 0, 0, '../images/Madrier.png', '0.019', 'Bois brut', 'Madrier', 'M3', 4, '315000.00', 0, '315000.00'),
(60, 'Ma/2,5x125x50', 1, 2, '2.50', 125, 50, 1, '0', '0', 0, 0, '../images/Madrier.png', '0.016', 'Bois brut', 'Madrier', 'M3', 4, '315000.00', 0, '315000.00'),
(61, 'Ma/2,5x125x63', 1, 2, '2.50', 125, 63, 1, '0', '0', 0, 0, '../images/Madrier.png', '0.020', 'Bois brut', 'Madrier', 'M3', 4, '315000.00', 0, '315000.00'),
(62, 'Ma/2,5x125x75', 1, 2, '2.50', 125, 75, 1, '0', '0', 0, 0, '../images/Madrier.png', '0.023', 'Bois brut', 'Madrier', 'M3', 4, '315000.00', 0, '315000.00'),
(63, 'Ma/2,5x150x50', 1, 2, '2.50', 150, 50, 1, '0', '0', 0, 0, '../images/Madrier.png', '0.019', 'Bois brut', 'Madrier', 'M3', 4, '315000.00', 0, '315000.00'),
(64, 'Ma/2,5x150x63', 1, 2, '2.50', 150, 63, 1, '0', '0', 0, 0, '../images/Madrier.png', '0.024', 'Bois brut', 'Madrier', 'M3', 4, '315000.00', 0, '315000.00'),
(65, 'Ma/2,5x150x75', 1, 2, '2.50', 150, 75, 1, '0', '0', 0, 0, '../images/Madrier.png', '0.028', 'Bois brut', 'Madrier', 'M3', 4, '315000.00', 0, '315000.00'),
(66, 'Ma/2,5x175x50', 1, 2, '2.50', 175, 50, 1, '0', '0', 0, 0, '../images/Madrier.png', '0.022', 'Bois brut', 'Madrier', 'M3', 4, '315000.00', 0, '315000.00'),
(67, 'Ma/2,5x175x63', 1, 2, '2.50', 175, 63, 1, '0', '0', 0, 0, '../images/Madrier.png', '0.028', 'Bois brut', 'Madrier', 'M3', 4, '315000.00', 0, '315000.00'),
(68, 'Ma/2,5x175x75', 1, 2, '2.50', 175, 75, 1, '0', '0', 0, 0, '../images/Madrier.png', '0.033', 'Bois brut', 'Madrier', 'M3', 4, '315000.00', 0, '315000.00'),
(69, 'Ba/4x100x32', 1, 3, '4.00', 100, 32, 1, '0', '0', 0, 0, '../images/Battant.png', '0.013', 'Bois brut', 'Battant', 'M3', 1, '300000.00', 0, '300000.00'),
(70, 'Ba/4x100x38', 1, 3, '4.00', 100, 38, 1, '0', '0', 0, 0, '../images/Battant.png', '0.015', 'Bois brut', 'Battant', 'M3', 1, '300000.00', 0, '300000.00'),
(71, 'Ba/4x100x44', 1, 3, '4.00', 100, 44, 1, '0', '0', 0, 0, '../images/Battant.png', '0.018', 'Bois brut', 'Battant', 'M3', 1, '300000.00', 0, '300000.00'),
(72, 'Ba/4.5x100x32', 1, 3, '4.50', 100, 32, 1, '0', '0', 0, 0, '../images/Battant.png', '0.014', 'Bois brut', 'Battant', 'M3', 1, '300000.00', 25, '375000.00'),
(73, 'Ba/4.5x100x38', 1, 3, '4.50', 100, 38, 1, '0', '0', 0, 0, '../images/Battant.png', '0.017', 'Bois brut', 'Battant', 'M3', 1, '300000.00', 25, '375000.00'),
(74, 'Ba/4.5x100x44', 1, 3, '4.50', 100, 44, 1, '0', '0', 0, 0, '../images/Battant.png', '0.020', 'Bois brut', 'Battant', 'M3', 1, '300000.00', 25, '375000.00'),
(75, 'Ba/4x125x32', 1, 3, '4.00', 125, 32, 1, '0', '0', 0, 0, '../images/Battant.png', '0.016', 'Bois brut', 'Battant', 'M3', 1, '300000.00', 0, '300000.00'),
(76, 'Ba/4x125x38', 1, 3, '4.00', 125, 38, 1, '0', '0', 0, 0, '../images/Battant.png', '0.019', 'Bois brut', 'Battant', 'M3', 1, '300000.00', 0, '300000.00'),
(77, 'Ba/4x125x44', 1, 3, '4.00', 125, 44, 1, '0', '0', 0, 0, '../images/Battant.png', '0.022', 'Bois brut', 'Battant', 'M3', 1, '300000.00', 0, '300000.00'),
(78, 'Ba/4.5x125x32', 1, 3, '4.50', 125, 32, 1, '0', '0', 0, 0, '../images/Battant.png', '0.018', 'Bois brut', 'Battant', 'M3', 1, '300000.00', 25, '375000.00'),
(79, 'Ba/4.5x125x38', 1, 3, '4.50', 125, 38, 1, '0', '0', 0, 0, '../images/Battant.png', '0.021', 'Bois brut', 'Battant', 'M3', 1, '300000.00', 25, '375000.00'),
(80, 'Ba/4.5x125x44', 1, 3, '4.50', 125, 44, 1, '0', '0', 0, 0, '../images/Battant.png', '0.021', 'Bois brut', 'Battant', 'M3', 1, '300000.00', 25, '300000.00'),
(81, 'Ba/4x150x32', 1, 3, '4.00', 150, 32, 1, '0', '0', 0, 0, '../images/Battant.png', '0.019', 'Bois brut', 'Battant', 'M3', 1, '300000.00', 0, '300000.00'),
(82, 'Ba/4x150x38', 1, 3, '4.00', 150, 38, 1, '0', '0', 0, 0, '../images/Battant.png', '0.023', 'Bois brut', 'Battant', 'M3', 1, '300000.00', 0, '300000.00'),
(83, 'Ba/4x150x44', 1, 3, '4.00', 150, 44, 1, '0', '0', 0, 0, '../images/Battant.png', '0.026', 'Bois brut', 'Battant', 'M3', 1, '300000.00', 0, '300000.00'),
(84, 'Ba/4.5x150x32', 1, 3, '4.50', 150, 32, 1, '0', '0', 0, 0, '../images/Battant.png', '0.022', 'Bois brut', 'Battant', 'M3', 1, '300000.00', 25, '375000.00'),
(85, 'Ba/4.5x150x38', 1, 3, '4.50', 150, 38, 1, '0', '0', 0, 0, '../images/Battant.png', '0.026', 'Bois brut', 'Battant', 'M3', 1, '300000.00', 25, '375000.00'),
(86, 'Ba/4.5x150x44', 1, 3, '4.50', 150, 44, 1, '0', '0', 0, 0, '../images/Battant.png', '0.030', 'Bois brut', 'Battant', 'M3', 1, '300000.00', 25, '375000.00'),
(87, 'Ba/4x175x32', 1, 3, '4.00', 175, 32, 1, '0', '0', 0, 0, '../images/Battant.png', '0.022', 'Bois brut', 'Battant', 'M3', 4, '315000.00', 0, '315000.00'),
(88, 'Ba/4x175x38', 1, 3, '4.00', 175, 38, 1, '0', '0', 0, 0, '../images/Battant.png', '0.027', 'Bois brut', 'Battant', 'M3', 4, '315000.00', 0, '315000.00'),
(89, 'Ba/4x175x44', 1, 3, '4.00', 175, 44, 1, '0', '0', 0, 0, '../images/Battant.png', '0.031', 'Bois brut', 'Battant', 'M3', 4, '315000.00', 0, '315000.00'),
(90, 'Ba/4.5x175x32', 1, 3, '4.50', 175, 32, 1, '0', '0', 0, 0, '../images/Battant.png', '0.025', 'Bois brut', 'Battant', 'M3', 4, '315000.00', 25, '393750.00'),
(91, 'Ba/4.5x175x38', 1, 3, '4.50', 175, 38, 1, '0', '0', 0, 0, '../images/Battant.png', '0.030', 'Bois brut', 'Battant', 'M3', 4, '315000.00', 25, '393750.00'),
(92, 'Ba/4.5x175x44', 1, 3, '4.50', 175, 44, 1, '0', '0', 0, 0, '../images/Battant.png', '0.035', 'Bois brut', 'Battant', 'M3', 4, '315000.00', 25, '393750.00'),
(93, 'Ba/2,5x50x38', 1, 3, '2.50', 50, 38, 1, '0', '0', 0, 0, '../images/Battant.png', '0.005', 'Bois brut', 'Battant', 'M3', 6, '325000.00', 0, '325000.00'),
(94, 'Ba/2,5x100x32', 1, 3, '2.50', 100, 32, 1, '0', '0', 0, 0, '../images/Battant.png', '0.008', 'Bois brut', 'Battant', 'M3', 1, '300000.00', 0, '300000.00'),
(95, 'Ba/2,5x100x38', 1, 3, '2.50', 100, 38, 1, '0', '0', 0, 0, '../images/Battant.png', '0.010', 'Bois brut', 'Battant', 'M3', 1, '300000.00', 0, '300000.00'),
(96, 'Ba/2,5x100x44', 1, 3, '2.50', 100, 44, 1, '0', '0', 0, 0, '../images/Battant.png', '0.011', 'Bois brut', 'Battant', 'M3', 1, '300000.00', 0, '300000.00'),
(97, 'Ba/2,5x125x32', 1, 3, '2.50', 125, 32, 1, '0', '0', 0, 0, '../images/Battant.png', '0.010', 'Bois brut', 'Battant', 'M3', 1, '300000.00', 0, '300000.00'),
(98, 'Ba/2,5x125x38', 1, 3, '2.50', 125, 38, 1, '0', '0', 0, 0, '../images/Battant.png', '0.012', 'Bois brut', 'Battant', 'M3', 1, '300000.00', 0, '300000.00'),
(99, 'Ba/2,5x125x44', 1, 3, '2.50', 125, 44, 1, '0', '0', 0, 0, '../images/Battant.png', '0.014', 'Bois brut', 'Battant', 'M3', 1, '300000.00', 0, '300000.00'),
(100, 'Ba/2,5x150x32', 1, 3, '2.50', 150, 32, 1, '0', '0', 0, 0, '../images/Madrier.png', '0.012', 'Bois brut', 'Madrier', 'M3', 1, '300000.00', 0, '300000.00'),
(101, 'Ba/2,5x150x38', 1, 3, '2.50', 150, 38, 1, '0', '0', 0, 0, '../images/Madrier.png', '0.014', 'Bois brut', 'Madrier', 'M3', 1, '300000.00', 0, '300000.00'),
(102, 'Ba/2,5x150x44', 1, 3, '2.50', 150, 44, 1, '0', '0', 0, 0, '../images/Madrier.png', '0.017', 'Bois brut', 'Madrier', 'M3', 1, '300000.00', 0, '300000.00'),
(103, 'Ba/2,5x175x32', 1, 3, '2.50', 175, 32, 1, '0', '0', 0, 0, '../images/Madrier.png', '0.014', 'Bois brut', 'Madrier', 'M3', 4, '315000.00', 0, '315000.00'),
(104, 'Ba/2,5x175x38', 1, 3, '2.50', 175, 38, 1, '0', '0', 0, 0, '../images/Madrier.png', '0.017', 'Bois brut', 'Madrier', 'M3', 4, '315000.00', 0, '315000.00'),
(105, 'Ba/2,5x175x44', 1, 3, '2.50', 175, 44, 1, '0', '0', 0, 0, '../images/Madrier.png', '0.019', 'Bois brut', 'Madrier', 'M3', 4, '315000.00', 0, '315000.00'),
(106, 'Ba/2x100x32', 1, 3, '2.00', 100, 32, 1, '0', '0', 0, 0, '../images/Battant.png', '0.006', 'Bois brut', 'Battant', 'M3', 1, '300000.00', 0, '300000.00'),
(107, 'Ba/2x100x38', 1, 3, '2.00', 100, 38, 1, '0', '0', 0, 0, '../images/Battant.png', '0.008', 'Bois brut', 'Battant', 'M3', 1, '300000.00', 0, '300000.00'),
(108, 'Ba/2x100x44', 1, 3, '2.00', 100, 44, 1, '0', '0', 0, 0, '../images/Battant.png', '0.009', 'Bois brut', 'Battant', 'M3', 1, '300000.00', 0, '300000.00'),
(109, 'Ba/2x125x32', 1, 3, '2.00', 125, 32, 1, '0', '0', 0, 0, '../images/Battant.png', '0.008', 'Bois brut', 'Battant', 'M3', 1, '300000.00', 0, '300000.00'),
(110, 'Ba/2x125x38', 1, 3, '2.00', 125, 38, 1, '0', '0', 0, 0, '../images/Battant.png', '0.010', 'Bois brut', 'Battant', 'M3', 1, '300000.00', 0, '300000.00'),
(111, 'Ba/2x125x44', 1, 3, '2.00', 125, 44, 1, '0', '0', 0, 0, '../images/Battant.png', '0.011', 'Bois brut', 'Battant', 'M3', 1, '300000.00', 0, '300000.00'),
(112, 'Ba/2x150x32', 1, 3, '2.00', 150, 32, 1, '0', '0', 0, 0, '../images/Battant.png', '0.010', 'Bois brut', 'Battant', 'M3', 4, '315000.00', 0, '315000.00'),
(113, 'Ba/2x150x38', 1, 3, '2.00', 150, 38, 1, '0', '0', 0, 0, '../images/Battant.png', '0.011', 'Bois brut', 'Battant', 'M3', 4, '315000.00', 0, '315000.00'),
(114, 'Ba/2x150x44', 1, 3, '2.00', 150, 44, 1, '0', '0', 0, 0, '../images/Battant.png', '0.013', 'Bois brut', 'Battant', 'M3', 4, '315000.00', 0, '315000.00'),
(115, 'Ba/2x175x32', 1, 3, '2.00', 175, 32, 1, '0', '0', 0, 0, '../images/Battant.png', '0.011', 'Bois brut', 'Battant', 'M3', 4, '315000.00', 0, '315000.00'),
(116, 'Ba/2x175x38', 1, 3, '2.00', 175, 38, 1, '0', '0', 0, 0, '../images/Battant.png', '0.013', 'Bois brut', 'Battant', 'M3', 4, '315000.00', 0, '315000.00'),
(117, 'Ba/2x175x44', 1, 3, '2.00', 175, 44, 1, '0', '0', 0, 0, '../images/Battant.png', '0.015', 'Bois brut', 'Battant', 'M3', 4, '315000.00', 0, '315000.00'),
(118, 'Ch/4x50x50', 1, 4, '4.00', 50, 50, 1, '0', '0', 0, 0, '../images/Chevron.png', '0.010', 'Bois brut', 'Chevron', 'M3', 4, '315000.00', 0, '315000.00'),
(119, 'Ch/4x63x63', 1, 4, '4.00', 63, 63, 1, '0', '0', 0, 0, '../images/Chevron.png', '0.016', 'Bois brut', 'Chevron', 'M3', 3, '310000.00', 0, '310000.00'),
(120, 'Ch/4x75x50', 1, 4, '4.00', 75, 50, 1, '0', '0', 0, 0, '../images/Chevron.png', '0.015', 'Bois brut', 'Chevron', 'M3', 2, '305000.00', 0, '305000.00'),
(121, 'Ch/4x75x75', 1, 4, '4.00', 75, 75, 1, '0', '0', 0, 0, '../images/Chevron.png', '0.023', 'Bois brut', 'Chevron', 'M3', 2, '305000.00', 0, '305000.00'),
(122, 'Ch/4x100x100', 1, 4, '4.00', 100, 100, 1, '0', '0', 0, 0, '../images/Madrier.png', '0.040', 'Bois brut', 'Madrier', 'M3', 1, '300000.00', 0, '300000.00'),
(123, 'Ch/2.5x50x50', 1, 4, '2.50', 50, 50, 1, '0', '0', 0, 0, '../images/Chevron.png', '0.006', 'Bois brut', 'Chevron', 'M3', 4, '315000.00', 0, '315000.00'),
(124, 'Ch/2,5x63x63', 1, 4, '2.50', 63, 63, 1, '0', '0', 0, 0, '../images/Chevron.png', '0.010', 'Bois brut', 'Chevron', 'M3', 3, '310000.00', 0, '310000.00'),
(125, 'Ch/2,5x75x50', 1, 4, '2.50', 75, 50, 1, '0', '0', 0, 0, '../images/Chevron.png', '0.009', 'Bois brut', 'Chevron', 'M3', 2, '305000.00', 0, '305000.00'),
(126, 'Ch/2,5x75x75', 1, 4, '2.50', 75, 75, 1, '0', '0', 0, 0, '../images/Chevron.png', '0.014', 'Bois brut', 'Chevron', 'M3', 2, '305000.00', 0, '305000.00'),
(127, 'Ch/2,5x100x100', 1, 4, '2.50', 100, 100, 1, '0', '0', 0, 0, '../images/Madrier.png', '0.025', 'Bois brut', 'Madrier', 'M3', 1, '300000.00', 0, '300000.00'),
(128, 'Ch/2x50x50', 1, 4, '2.00', 50, 50, 1, '0', '0', 0, 0, '../images/Chevron.png', '0.005', 'Bois brut', 'Chevron', 'M3', 4, '315000.00', 0, '315000.00'),
(129, 'Ch/2x63x63', 1, 4, '2.00', 63, 63, 1, '0', '0', 0, 0, '../images/Madrier.png', '0.008', 'Bois brut', 'Madrier', 'M3', 3, '310000.00', 0, '310000.00'),
(130, 'Ch/2x75x50', 1, 4, '2.00', 75, 50, 1, '0', '0', 0, 0, '../images/Madrier.png', '0.008', 'Bois brut', 'Madrier', 'M3', 2, '305000.00', 0, '305000.00'),
(131, 'Ch/2x75x75', 1, 4, '2.00', 75, 75, 1, '0', '0', 0, 0, '../images/Madrier.png', '0.011', 'Bois brut', 'Madrier', 'M3', 2, '305000.00', 0, '305000.00'),
(132, 'G28p/2.5x28x28', 3, 5, '2.50', 28, 28, 40, '0', '0', 0, 0, '../images/Gorge.png', '2.500', 'Bois profile', 'A peindre', 'ML', 20, '1080.35', -15, '918.00'),
(133, 'CJ40p/2.5x40x14', 3, 5, '2.50', 40, 14, 40, '0', '0', 0, 0, '../images/Couvre-joint.png', '0.000', 'Bois profile', 'A peindre', 'ML', 20, '1080.35', -15, '918.00'),
(134, 'F60p/2.5x60x13', 3, 5, '2.50', 60, 13, 20, '0', '0', 0, 0, '../images/Frisette.png', '0.150', 'Bois profile', 'A peindre', 'M2', 32, '16529.10', -15, '14050.00'),
(135, 'P60p/2.5x60x26', 3, 5, '2.50', 60, 26, 12, '0', '0', 0, 0, '../images/Parquet.png', '0.150', 'Bois profile', 'A peindre', 'M2', 35, '21652.05', -15, '18404.00'),
(136, 'Pt60p/2.5x60x14', 3, 5, '2.50', 60, 14, 30, '0', '0', 0, 0, '../images/Plinthe.png', '2.500', 'Bois profile', 'A peindre', 'ML', 20, '1080.35', -15, '918.00'),
(137, 'F86p/2.5x86x13', 3, 5, '2.50', 86, 13, 14, '0', '0', 0, 0, '../images/Frisette.png', '0.215', 'Bois profile', 'A peindre', 'M2', 31, '15493.80', -15, '13170.00'),
(138, 'P86p/2.5x86x26', 3, 5, '2.50', 86, 26, 8, '0', '0', 0, 0, '../images/Parquet.png', '0.215', 'Bois profile', 'A peindre', 'M2', 34, '20661.80', -15, '17563.00'),
(139, 'CA90p/2.5x90x25', 3, 5, '2.50', 90, 25, 8, '0', '0', 0, 0, NULL, '0.000', 'Bois profile', 'A peindre', 'ML', 23, '1865.75', -15, '1586.00'),
(140, 'Pt90p/2.5x90x14', 3, 5, '2.50', 90, 14, 20, '0', '0', 0, 0, '../images/Plinthe.png', '2.500', 'Bois profile', 'A peindre', 'ML', 21, '1276.70', -15, '1085.00'),
(141, 'F110p/2.5x110x13', 3, 5, '2.50', 110, 13, 12, '0', '0', 0, 0, '../images/Frisette.png', '0.275', 'Bois profile', 'A peindre', 'M2', 30, '14467.85', -15, '12298.00'),
(142, 'G28p/2x28x28', 3, 5, '2.00', 28, 28, 50, '0', '0', 0, 0, '../images/Gorge.png', '2.000', 'Bois profile', 'A peindre', 'ML', 20, '1080.35', -15, '918.00'),
(143, 'CJ40p/2x40x14', 3, 5, '2.00', 40, 14, 50, '0', '0', 0, 0, '../images/Couvre-joint.png', '0.000', 'Bois profile', 'A peindre', 'ML', 20, '1080.35', -15, '918.00'),
(144, 'F60p/2x60x13', 3, 5, '2.00', 60, 13, 20, '0', '0', 0, 0, '../images/Frisette.png', '0.120', 'Bois profile', 'A peindre', 'M2', 32, '16529.10', -15, '14050.00'),
(145, 'P60p/2x60x26', 3, 5, '2.00', 60, 26, 15, '0', '0', 0, 0, '../images/Parquet.png', '0.120', 'Bois profile', 'A peindre', 'M2', 35, '21652.05', -15, '18404.00'),
(146, 'Pt60p/2x60x14', 3, 5, '2.00', 60, 14, 30, '0', '0', 0, 0, '../images/Plinthe.png', '2.000', 'Bois profile', 'A peindre', 'ML', 20, '1080.35', -15, '918.00'),
(147, 'F86p/2x86x13', 3, 5, '2.00', 86, 13, 14, '0', '0', 0, 0, '../images/Frisette.png', '0.172', 'Bois profile', 'A peindre', 'M2', 31, '15493.80', -15, '13170.00'),
(148, 'P86p/2x86x26', 3, 5, '2.00', 86, 26, 10, '0', '0', 0, 0, '../images/Parquet.png', '0.172', 'Bois profile', 'A peindre', 'M2', 34, '20661.80', -15, '17563.00'),
(149, 'CA90p/2x90x25', 3, 5, '2.00', 90, 25, 10, '0', '0', 0, 0, NULL, '0.000', 'Bois profile', 'A peindre', 'ML', 23, '1865.75', -15, '1586.00'),
(150, 'Pt90p/2x90x14', 3, 5, '2.00', 90, 14, 20, '0', '0', 0, 0, '../images/Plinthe.png', '2.000', 'Bois profile', 'A peindre', 'ML', 21, '1276.70', -15, '1085.00'),
(151, 'F110p/2x110x13', 3, 5, '2.00', 110, 13, 12, '0', '0', 0, 0, '../images/Frisette.png', '0.220', 'Bois profile', 'A peindre', 'M2', 30, '14467.85', -15, '12298.00'),
(152, 'G28p/1.5x28x28', 3, 5, '1.50', 28, 28, 50, '0', '0', 0, 0, '../images/Gorge.png', '1.500', 'Bois profile', 'A peindre', 'ML', 20, '1080.35', -15, '918.00'),
(153, 'CJ40p/1.5x40x14', 3, 5, '1.50', 40, 14, 50, '0', '0', 0, 0, '../images/Couvre-joint.png', '0.000', 'Bois profile', 'A peindre', 'ML', 20, '1080.35', -15, '918.00'),
(154, 'F60p/1.5x60x13', 3, 5, '1.50', 60, 13, 20, '0', '0', 0, 0, '../images/Frisette.png', '0.090', 'Bois profile', 'A peindre', 'M2', 32, '16529.10', -15, '14050.00'),
(155, 'P60p/1.5x60x26', 3, 5, '1.50', 60, 26, 21, '0', '0', 0, 0, '../images/Parquet.png', '0.090', 'Bois profile', 'A peindre', 'M2', 35, '21652.05', -15, '18404.00'),
(156, 'Pt60p/1,5x60x14', 3, 5, '1.50', 60, 14, 30, '0', '0', 0, 0, '../images/Plinthe.png', '1.500', 'Bois profile', 'A peindre', 'ML', 20, '1080.35', -15, '918.00'),
(157, 'F86p/1.5x86x13', 3, 5, '1.50', 86, 13, 14, '0', '0', 0, 0, '../images/Frisette.png', '0.129', 'Bois profile', 'A peindre', 'M2', 31, '15493.80', -15, '13170.00'),
(158, 'P86p/1.5x86x26', 3, 5, '1.50', 86, 26, 10, '0', '0', 0, 0, '../images/Parquet.png', '0.129', 'Bois profile', 'A peindre', 'M2', 34, '20661.80', -15, '17563.00'),
(159, 'CA90p/1.5x90x25', 3, 5, '1.50', 90, 25, 10, '0', '0', 0, 0, NULL, '0.000', 'Bois profile', 'A peindre', 'ML', 23, '1865.75', -15, '1586.00'),
(160, 'Pt90p/1,5x90x14', 3, 5, '1.50', 90, 14, 20, '0', '0', 0, 0, '../images/Plinthe.png', '1.500', 'Bois profile', 'A peindre', 'ML', 21, '1276.70', -15, '1085.00'),
(161, 'F110p/1.5x110x13', 3, 5, '1.50', 110, 13, 12, '0', '0', 0, 0, '../images/Frisette.png', '0.165', 'Bois profile', 'A peindre', 'M2', 30, '14467.85', -15, '12298.00'),
(162, 'G28p/1x28x28', 3, 5, '1.00', 28, 28, 100, '0', '0', 0, 0, '../images/Gorge.png', '1.000', 'Bois profile', 'A peindre', 'ML', 20, '1080.35', -15, '918.00'),
(163, 'CJ40p/1x40x14', 3, 5, '1.00', 40, 14, 50, '0', '0', 0, 0, '../images/Couvre-joint.png', '0.000', 'Bois profile', 'A peindre', 'ML', 20, '1080.35', -15, '918.00'),
(164, 'F60p/1x60x13', 3, 5, '1.00', 60, 13, 40, '0', '0', 0, 0, '../images/Frisette.png', '0.060', 'Bois profile', 'A peindre', 'M2', 32, '16529.10', -15, '14050.00'),
(165, 'P60p/1x60x26', 3, 5, '1.00', 60, 26, 30, '0', '0', 0, 0, '../images/Parquet.png', '0.060', 'Bois profile', 'A peindre', 'M2', 35, '21652.05', -15, '18404.00'),
(166, 'Pt60p/1x60x14', 3, 5, '1.00', 60, 14, 30, '0', '0', 0, 0, '../images/Plinthe.png', '1.000', 'Bois profile', 'A peindre', 'ML', 20, '1080.35', -15, '918.00'),
(167, 'F86p/1x86x13', 3, 5, '1.00', 86, 13, 28, '0', '0', 0, 0, '../images/Frisette.png', '0.086', 'Bois profile', 'A peindre', 'M2', 31, '15493.80', -15, '13170.00'),
(168, 'P86p/1x86x26', 3, 5, '1.00', 86, 26, 20, '0', '0', 0, 0, '../images/Parquet.png', '0.086', 'Bois profile', 'A peindre', 'M2', 34, '20661.80', -15, '17563.00'),
(169, 'Pt90p/1x90x14', 3, 5, '1.00', 90, 14, 40, '0', '0', 0, 0, '../images/Plinthe.png', '1.000', 'Bois profile', 'A peindre', 'ML', 21, '1276.70', -15, '1085.00'),
(170, 'F110p/1x110x13', 3, 5, '1.00', 110, 13, 24, '0', '0', 0, 0, '../images/Frisette.png', '0.110', 'Bois profile', 'A peindre', 'M2', 30, '14467.85', -15, '12298.00'),
(171, 'F60p/0.75x60x13', 3, 5, '0.75', 60, 13, 40, '0', '0', 0, 0, '../images/Frisette.png', '0.045', 'Bois profile', 'A peindre', 'M2', 32, '16529.10', -15, '14050.00'),
(172, 'P60p/0.75x60x26', 3, 5, '0.75', 60, 26, 30, '0', '0', 0, 0, '../images/Parquet.png', '0.045', 'Bois profile', 'A peindre', 'M2', 35, '21652.05', -15, '18404.00'),
(173, 'F86p/0.75x86x13', 3, 5, '0.75', 86, 13, 28, '0', '0', 0, 0, '../images/Frisette.png', '0.065', 'Bois profile', 'A peindre', 'M2', 31, '15493.80', -15, '13170.00'),
(174, 'P86p/0.75x86x26', 3, 5, '0.75', 86, 26, 20, '0', '0', 0, 0, '../images/Parquet.png', '0.065', 'Bois profile', 'A peindre', 'M2', 34, '20661.80', -15, '17563.00'),
(175, 'F110p/0.75x110x13', 3, 5, '0.75', 110, 13, 24, '0', '0', 0, 0, '../images/Frisette.png', '0.083', 'Bois profile', 'A peindre', 'M2', 30, '14467.85', -15, '12298.00'),
(176, 'F60p/0.5x60x13', 3, 5, '0.50', 60, 13, 40, '0', '0', 0, 0, '../images/Frisette.png', '0.030', 'Bois profile', 'A peindre', 'M2', 32, '16529.10', -15, '14050.00'),
(177, 'P60p/0.5x60x26', 3, 5, '0.50', 60, 26, 30, '0', '0', 0, 0, '../images/Parquet.png', '0.030', 'Bois profile', 'A peindre', 'M2', 35, '21652.05', -15, '18404.00'),
(178, 'F86p/0.5x86x13', 3, 5, '0.50', 86, 13, 28, '0', '0', 0, 0, '../images/Frisette.png', '0.043', 'Bois profile', 'A peindre', 'M2', 31, '15493.80', -15, '13170.00'),
(179, 'P86p/0.5x86x26', 3, 5, '0.50', 86, 26, 20, '0', '0', 0, 0, '../images/Parquet.png', '0.043', 'Bois profile', 'A peindre', 'M2', 34, '20661.80', -15, '17563.00'),
(180, 'F110p/0.5x110x13', 3, 5, '0.50', 110, 13, 24, '0', '0', 0, 0, '../images/Frisette.png', '0.055', 'Bois profile', 'A peindre', 'M2', 30, '14467.85', -15, '12298.00'),
(181, 'G28v/2.5x28x28', 3, 6, '2.50', 28, 28, 40, '0', '0', 0, 0, '../images/Gorge.png', '2.500', 'Bois profile', 'A vernir', 'ML', 20, '1271.00', 0, '1271.00'),
(182, 'CJ40v/2.5x40x14', 3, 6, '2.50', 40, 14, 40, '0', '0', 0, 0, '../images/Couvre-joint.png', '0.000', 'Bois profile', 'A vernir', 'ML', 20, '1271.00', 0, '1271.00'),
(183, 'F60v/2.5x60x13', 3, 6, '2.50', 60, 13, 20, '0', '0', 0, 0, '../images/Frisette.png', '0.150', 'Bois profile', 'A vernir', 'M2', 32, '19446.00', 0, '19446.00'),
(184, 'P60v/2.5x60x26', 3, 6, '2.50', 60, 26, 12, '0', '0', 0, 0, '../images/Parquet.png', '0.150', 'Bois profile', 'A vernir', 'M2', 35, '25473.00', 0, '25473.00'),
(185, 'Pt60v/2.5x60x14', 3, 6, '2.50', 60, 14, 30, '0', '0', 0, 0, '../images/Plinthe.png', '2.500', 'Bois profile', 'A vernir', 'ML', 20, '1271.00', 0, '1271.00'),
(186, 'F86v/2.5x86x13', 3, 6, '2.50', 86, 13, 14, '0', '0', 0, 0, '../images/Frisette.png', '0.215', 'Bois profile', 'A vernir', 'M2', 31, '18228.00', 0, '18228.00'),
(187, 'P86v/2.5x86x26', 3, 6, '2.50', 86, 26, 8, '0', '0', 0, 0, '../images/Parquet.png', '0.215', 'Bois profile', 'A vernir', 'M2', 34, '24308.00', 0, '24308.00'),
(188, 'CA90v/2.5x90x25', 3, 6, '2.50', 90, 25, 8, '0', '0', 0, 0, NULL, '0.000', 'Bois profile', 'A vernir', 'ML', 23, '2195.00', 0, '2195.00'),
(189, 'Pt90v/2.5x90x14', 3, 6, '2.50', 90, 14, 20, '0', '0', 0, 0, '../images/Plinthe.png', '2.500', 'Bois profile', 'A vernir', 'ML', 21, '1502.00', 0, '1502.00'),
(190, 'F110v/2.5x110x13', 3, 6, '2.50', 110, 13, 12, '0', '0', 0, 0, '../images/Frisette.png', '0.275', 'Bois profile', 'A vernir', 'M2', 30, '17021.00', 0, '17021.00'),
(191, 'G28v/2x28x28', 3, 6, '2.00', 28, 28, 50, '0', '0', 0, 0, '../images/Gorge.png', '2.000', 'Bois profile', 'A vernir', 'ML', 20, '1271.00', 0, '1271.00'),
(192, 'CJ40v/2x40x14', 3, 6, '2.00', 40, 14, 50, '0', '0', 0, 0, '../images/Couvre-joint.png', '0.000', 'Bois profile', 'A vernir', 'ML', 20, '1271.00', 0, '1271.00'),
(193, 'F60v/2x60x13', 3, 6, '2.00', 60, 13, 20, '0', '0', 0, 0, '../images/Frisette.png', '0.120', 'Bois profile', 'A vernir', 'M2', 32, '19446.00', 0, '19446.00'),
(194, 'P60v/2x60x26', 3, 6, '2.00', 60, 26, 15, '0', '0', 0, 0, '../images/Parquet.png', '0.120', 'Bois profile', 'A vernir', 'M2', 35, '25473.00', 0, '25473.00'),
(195, 'Pt60v/2x60x14', 3, 6, '2.00', 60, 14, 30, '0', '0', 0, 0, '../images/Plinthe.png', '2.000', 'Bois profile', 'A vernir', 'ML', 20, '1271.00', 0, '1271.00'),
(196, 'F86v/2x86x13', 3, 6, '2.00', 86, 13, 14, '0', '0', 0, 0, '../images/Frisette.png', '0.172', 'Bois profile', 'A vernir', 'M2', 31, '18228.00', 0, '18228.00'),
(197, 'P86v/2x86x26', 3, 6, '2.00', 86, 26, 10, '0', '0', 0, 0, '../images/Parquet.png', '0.172', 'Bois profile', 'A vernir', 'M2', 34, '24308.00', 0, '24308.00'),
(198, 'CA90v/2x90x25', 3, 6, '2.00', 90, 25, 10, '0', '0', 0, 0, NULL, '0.000', 'Bois profile', 'A vernir', 'ML', 23, '2195.00', 0, '2195.00'),
(199, 'Pt90v/2x90x14', 3, 6, '2.00', 90, 14, 20, '0', '0', 0, 0, '../images/Plinthe.png', '2.000', 'Bois profile', 'A vernir', 'ML', 21, '1502.00', 0, '1502.00'),
(200, 'F110v/2x110x13', 3, 6, '2.00', 110, 13, 12, '0', '0', 0, 0, '../images/Frisette.png', '0.220', 'Bois profile', 'A vernir', 'M2', 30, '17021.00', 0, '17021.00'),
(201, 'G28v/1.5x28x28', 3, 6, '1.50', 28, 28, 50, '0', '0', 0, 0, '../images/Gorge.png', '1.500', 'Bois profile', 'A vernir', 'ML', 20, '1271.00', 0, '1271.00'),
(202, 'CJ40v/1.5x40x14', 3, 6, '1.50', 40, 14, 50, '0', '0', 0, 0, '../images/Couvre-joint.png', '0.000', 'Bois profile', 'A vernir', 'ML', 20, '1271.00', 0, '1271.00'),
(203, 'F60v/1.5x60x13', 3, 6, '1.50', 60, 13, 20, '0', '0', 0, 0, '../images/Frisette.png', '0.090', 'Bois profile', 'A vernir', 'M2', 32, '19446.00', 0, '19446.00'),
(204, 'P60v/1.5x60x26', 3, 6, '1.50', 60, 26, 21, '0', '0', 0, 0, '../images/Parquet.png', '0.090', 'Bois profile', 'A vernir', 'M2', 35, '25473.00', 0, '25473.00'),
(205, 'Pt60v/1,5x60x14', 3, 6, '1.50', 60, 14, 30, '0', '0', 0, 0, '../images/Plinthe.png', '1.500', 'Bois profile', 'A vernir', 'ML', 20, '1271.00', 0, '1271.00'),
(206, 'F86v/1.5x86x13', 3, 6, '1.50', 86, 13, 14, '0', '0', 0, 0, '../images/Frisette.png', '0.129', 'Bois profile', 'A vernir', 'M2', 31, '18228.00', 0, '18228.00'),
(207, 'P86v/1.5x86x26', 3, 6, '1.50', 86, 26, 10, '0', '0', 0, 0, '../images/Parquet.png', '0.129', 'Bois profile', 'A vernir', 'M2', 34, '24308.00', 0, '24308.00'),
(208, 'CA90v/1.5x90x25', 3, 6, '1.50', 90, 25, 10, '0', '0', 0, 0, NULL, '0.000', 'Bois profile', 'A vernir', 'ML', 23, '2195.00', 0, '2195.00'),
(209, 'Pt90v/1,5x90x14', 3, 6, '1.50', 90, 14, 20, '0', '0', 0, 0, '../images/Plinthe.png', '1.500', 'Bois profile', 'A vernir', 'ML', 21, '1502.00', 0, '1502.00'),
(210, 'F110v/1.5x110x13', 3, 6, '1.50', 110, 13, 12, '0', '0', 0, 0, '../images/Frisette.png', '0.165', 'Bois profile', 'A vernir', 'M2', 30, '17021.00', 0, '17021.00'),
(211, 'G28v/1x28x28', 3, 6, '1.00', 28, 28, 100, '0', '0', 0, 0, '../images/Gorge.png', '1.000', 'Bois profile', 'A vernir', 'ML', 20, '1271.00', 0, '1271.00'),
(212, 'CJ40v/1x40x14', 3, 6, '1.00', 40, 14, 50, '0', '0', 0, 0, '../images/Couvre-joint.png', '0.000', 'Bois profile', 'A vernir', 'ML', 20, '1271.00', 0, '1271.00'),
(213, 'F60v/1x60x13', 3, 6, '1.00', 60, 13, 40, '0', '0', 0, 0, '../images/Frisette.png', '0.060', 'Bois profile', 'A vernir', 'M2', 32, '19446.00', 0, '19446.00'),
(214, 'P60v/1x60x26', 3, 6, '1.00', 60, 26, 30, '0', '0', 0, 0, '../images/Parquet.png', '0.060', 'Bois profile', 'A vernir', 'M2', 35, '25473.00', 0, '25473.00'),
(215, 'Pt60v/1x60x14', 3, 6, '1.00', 60, 14, 30, '0', '0', 0, 0, '../images/Plinthe.png', '1.000', 'Bois profile', 'A vernir', 'ML', 20, '1271.00', 0, '1271.00'),
(216, 'F86v/1x86x13', 3, 6, '1.00', 86, 13, 28, '0', '0', 0, 0, '../images/Frisette.png', '0.086', 'Bois profile', 'A vernir', 'M2', 31, '18228.00', 0, '18228.00'),
(217, 'P86v/1x86x26', 3, 6, '1.00', 86, 26, 20, '0', '0', 0, 0, '../images/Parquet.png', '0.086', 'Bois profile', 'A vernir', 'M2', 34, '24308.00', 0, '24308.00'),
(218, 'Pt90v/1x90x14', 3, 6, '1.00', 90, 14, 40, '0', '0', 0, 0, '../images/Parquet.png', '1.000', 'Bois profile', 'A vernir', 'ML', 21, '1502.00', 0, '1502.00'),
(219, 'F110v/1x110x13', 3, 6, '1.00', 110, 13, 24, '0', '0', 0, 0, '../images/Frisette.png', '0.110', 'Bois profile', 'A vernir', 'M2', 30, '17021.00', 0, '17021.00'),
(220, 'F60v/0.75x60x13', 3, 6, '0.75', 60, 13, 40, '0', '0', 0, 0, '../images/Frisette.png', '0.045', 'Bois profile', 'A vernir', 'M2', 32, '19446.00', 0, '19446.00'),
(221, 'P60v/0.75x60x26', 3, 6, '0.75', 60, 26, 30, '0', '0', 0, 0, '../images/Parquet.png', '0.045', 'Bois profile', 'A vernir', 'M2', 35, '25473.00', 0, '25473.00'),
(222, 'F86v/0.75x86x13', 3, 6, '0.75', 86, 13, 28, '0', '0', 0, 0, '../images/Frisette.png', '0.065', 'Bois profile', 'A vernir', 'M2', 31, '18228.00', 0, '18228.00'),
(223, 'P86v/0.75x86x26', 3, 6, '0.75', 86, 26, 20, '0', '0', 0, 0, '../images/Parquet.png', '0.065', 'Bois profile', 'A vernir', 'M2', 34, '24308.00', 0, '24308.00'),
(224, 'F110v/0.75x110x13', 3, 6, '0.75', 110, 13, 24, '0', '0', 0, 0, '../images/Frisette.png', '0.083', 'Bois profile', 'A vernir', 'M2', 30, '17021.00', 0, '17021.00'),
(225, 'F60v/0.5x60x13', 3, 6, '0.50', 60, 13, 40, '0', '0', 0, 0, '../images/Frisette.png', '0.030', 'Bois profile', 'A vernir', 'M2', 32, '19446.00', 0, '19446.00'),
(226, 'P60v/0.5x60x26', 3, 6, '0.50', 60, 26, 30, '0', '0', 0, 0, '../images/Parquet.png', '0.030', 'Bois profile', 'A vernir', 'M2', 35, '25473.00', 0, '25473.00'),
(227, 'F86v/0.5x86x13', 3, 6, '0.50', 86, 13, 28, '0', '0', 0, 0, '../images/Frisette.png', '0.043', 'Bois profile', 'A vernir', 'M2', 31, '18228.00', 0, '18228.00'),
(228, 'P86v/0.5x86x26', 3, 6, '0.50', 86, 26, 20, '0', '0', 0, 0, '../images/Parquet.png', '0.043', 'Bois profile', 'A vernir', 'M2', 34, '24308.00', 0, '24308.00'),
(229, 'F110v/0.5x110x13', 3, 6, '0.50', 110, 13, 24, '0', '0', 0, 0, '../images/Frisette.png', '0.055', 'Bois profile', 'A vernir', 'M2', 30, '17021.00', 0, '17021.00'),
(230, 'LC/6x180x65', 6, 7, '6.00', 180, 65, 0, '0', '0', 0, 0, NULL, '0.070', 'Lamelle-colle', 'Larg 65', 'M3', 14, '1450000.00', 0, '1450000.00'),
(231, 'LC/6x225x65', 6, 7, '6.00', 225, 65, 0, '0', '0', 0, 0, NULL, '0.088', 'Lamelle-colle', 'Larg 65', 'M3', 14, '1450000.00', 0, '1450000.00'),
(232, 'LC/6x180x90', 6, 8, '6.00', 180, 90, 0, '0', '0', 0, 0, NULL, '0.097', 'Lamelle-colle', 'Larg 90', 'M3', 13, '1300000.00', 0, '1300000.00'),
(233, 'LC/6.5x225x90', 6, 8, '6.00', 225, 90, 0, '0', '0', 0, 0, NULL, '0.122', 'Lamelle-colle', 'Larg 90', 'M3', 13, '1300000.00', 0, '1300000.00'),
(234, 'LC/6x225x90', 6, 8, '6.00', 225, 90, 0, '0', '0', 0, 0, NULL, '0.122', 'Lamelle-colle', 'Larg 90', 'M3', 13, '1300000.00', 0, '1300000.00'),
(235, 'LC/5x225x90', 6, 8, '5.00', 225, 90, 0, '0', '0', 0, 0, NULL, '0.101', 'Lamelle-colle', 'Larg 90', 'M3', 13, '1300000.00', 0, '1300000.00'),
(236, 'LC/4x225x90', 6, 8, '4.00', 225, 90, 0, '0', '0', 0, 0, NULL, '0.081', 'Lamelle-colle', 'Larg 90', 'M3', 13, '1300000.00', 0, '1300000.00'),
(237, 'LC/8x315x115', 6, 9, '8.00', 315, 115, 0, '0', '0', 0, 0, NULL, '0.290', 'Lamelle-colle', 'Larg 115', 'M3', 13, '1300000.00', 0, '1300000.00'),
(238, 'LC/6x225x115', 6, 9, '6.00', 225, 115, 0, '0', '0', 0, 0, NULL, '0.155', 'Lamelle-colle', 'Larg 115', 'M3', 13, '1300000.00', 0, '1300000.00'),
(239, 'BR/5x160', 7, 10, '6.00', 0, 0, 0, '160', '0', 0, 0, '../images/Rond.png', '6.000', 'Bois rond', 'BR', 'ML', 26, '3675.00', 0, '3675.00'),
(240, 'BR/6x120', 7, 10, '6.00', 0, 0, 0, '120', '0', 0, 0, '../images/Rond.png', '6.000', 'Bois rond', 'BR', 'ML', 24, '2205.00', 0, '2205.00'),
(241, 'BR/6x140', 7, 10, '6.00', 0, 0, 0, '140', '0', 0, 0, '../images/Rond.png', '6.000', 'Bois rond', 'BR', 'ML', 25, '2835.00', 0, '2835.00'),
(242, 'BR/6x160', 7, 10, '6.00', 0, 0, 0, '160', '0', 0, 0, '../images/Rond.png', '6.000', 'Bois rond', 'BR', 'ML', 26, '3675.00', 0, '3675.00'),
(243, 'BR/5x120', 7, 10, '5.00', 0, 0, 0, '120', '0', 0, 0, '../images/Rond.png', '5.000', 'Bois rond', 'BR', 'ML', 24, '2205.00', 0, '2205.00'),
(244, 'BR/5x140', 7, 10, '5.00', 0, 0, 0, '140', '0', 0, 0, '../images/Rond.png', '5.000', 'Bois rond', 'BR', 'ML', 25, '2835.00', 0, '2835.00'),
(245, 'BR/4x100', 7, 10, '4.00', 0, 0, 0, '100', '0', 0, 0, '../images/Rond.png', '4.000', 'Bois rond', 'BR', 'ML', 22, '1733.00', 0, '1733.00'),
(246, 'BR/4x120', 7, 10, '4.00', 0, 0, 0, '120', '0', 0, 0, '../images/Rond.png', '4.000', 'Bois rond', 'BR', 'ML', 24, '2205.00', 0, '2205.00'),
(247, 'BR/4x140', 7, 10, '4.00', 0, 0, 0, '140', '0', 0, 0, '../images/Rond.png', '4.000', 'Bois rond', 'BR', 'ML', 25, '2835.00', 0, '2835.00'),
(248, 'BR/4x160', 7, 10, '4.00', 0, 0, 0, '160', '0', 0, 0, '../images/Rond.png', '4.000', 'Bois rond', 'BR', 'ML', 26, '3675.00', 0, '3675.00'),
(249, 'BR/4x80', 7, 10, '4.00', 0, 0, 0, '80', '0', 0, 0, '../images/Rond.png', '4.000', 'Bois rond', 'BR', 'ML', 19, '1260.00', 0, '1260.00'),
(250, 'BR/2.5x100', 7, 10, '2.50', 0, 0, 0, '100', '0', 0, 0, '../images/Rond.png', '2.500', 'Bois rond', 'BR', 'ML', 22, '1733.00', 0, '1733.00'),
(251, 'BR/2.5x60', 7, 10, '2.50', 0, 0, 0, '60', '0', 0, 0, '../images/Rond.png', '2.500', 'Bois rond', 'BR', 'ML', 17, '893.00', 0, '893.00'),
(252, 'BR/2.5x70', 7, 10, '2.50', 0, 0, 0, '70', '0', 0, 0, '../images/Rond.png', '2.500', 'Bois rond', 'BR', 'ML', 18, '1050.00', 0, '1050.00'),
(253, 'BR/2.5x80', 7, 10, '2.50', 0, 0, 0, '80', '0', 0, 0, '../images/Rond.png', '2.500', 'Bois rond', 'BR', 'ML', 19, '1260.00', 0, '1260.00'),
(254, 'BR/2x100', 7, 10, '2.00', 0, 0, 0, '100', '0', 0, 0, '../images/Rond.png', '2.000', 'Bois rond', 'BR', 'ML', 22, '1733.00', 0, '1733.00'),
(255, 'BR/2x40', 7, 10, '2.00', 0, 0, 0, '40', '0', 0, 0, '../images/Rond.png', '2.000', 'Bois rond', 'BR', 'ML', 15, '683.00', 0, '683.00'),
(256, 'BR/2x50', 7, 10, '2.00', 0, 0, 0, '50', '0', 0, 0, '../images/Rond.png', '2.000', 'Bois rond', 'BR', 'ML', 16, '735.00', 0, '735.00'),
(257, 'BR/2x60', 7, 10, '2.00', 0, 0, 0, '60', '0', 0, 0, '../images/Rond.png', '2.000', 'Bois rond', 'BR', 'ML', 17, '893.00', 0, '893.00'),
(258, 'BR/2x70', 7, 10, '2.00', 0, 0, 0, '70', '0', 0, 0, '../images/Rond.png', '2.000', 'Bois rond', 'BR', 'ML', 18, '1050.00', 0, '1050.00'),
(259, 'BR/2x80', 7, 10, '2.00', 0, 0, 0, '80', '0', 0, 0, '../images/Rond.png', '2.000', 'Bois rond', 'BR', 'ML', 19, '1260.00', 0, '1260.00'),
(260, 'Px/2.5x320x18', 8, 11, '2.50', 320, 18, 0, '0', '0', 0, 0, NULL, '0.000', 'Panneaux', 'Panneaux', '', 0, '0.00', 0, '0.00'),
(261, 'Px/2.5x320x25', 8, 11, '2.50', 320, 25, 0, '0', '0', 0, 0, NULL, '0.000', 'Panneaux', 'Panneaux', '', 0, '0.00', 0, '0.00'),
(262, 'Px/2.5x460x18', 8, 11, '2.50', 460, 18, 0, '0', '0', 0, 0, NULL, '0.000', 'Panneaux', 'Panneaux', '', 0, '0.00', 0, '0.00'),
(263, 'Px/2.5x460x25', 8, 11, '2.50', 460, 25, 0, '0', '0', 0, 0, NULL, '0.000', 'Panneaux', 'Panneaux', '', 0, '0.00', 0, '0.00'),
(264, 'Px/2x320x18', 8, 11, '2.00', 320, 18, 0, '0', '0', 0, 0, NULL, '0.000', 'Panneaux', 'Panneaux', '', 0, '0.00', 0, '0.00'),
(265, 'Px/2x320x25', 8, 11, '2.00', 320, 25, 0, '0', '0', 0, 0, NULL, '0.000', 'Panneaux', 'Panneaux', '', 0, '0.00', 0, '0.00'),
(266, 'Px/2x460x18', 8, 11, '2.00', 460, 18, 0, '0', '0', 0, 0, NULL, '0.000', 'Panneaux', 'Panneaux', '', 0, '0.00', 0, '0.00'),
(267, 'Px/2x460x25', 8, 11, '2.00', 460, 25, 0, '0', '0', 0, 0, NULL, '0.000', 'Panneaux', 'Panneaux', '', 0, '0.00', 0, '0.00'),
(268, 'Dalle caillebotis', 5, 12, '0.50', 1, 0, 0, '0', '0', 0, 0, NULL, '1.000', 'Produit jardin', 'PJ', 'U', 0, '0.00', 0, '0.00'),
(269, 'Cache-pot', 5, 12, '0.40', 0, 0, 0, '0', '0', 0, 0, NULL, '1.000', 'Produit jardin', 'PJ', 'U', 0, '0.00', 0, '0.00'),
(270, 'Bac a fleurs', 5, 12, '0.10', 1, 0, 0, '0', '0', 0, 0, NULL, '1.000', 'Produit jardin', 'PJ', 'U', 0, '0.00', 0, '0.00'),
(271, 'Banc', 5, 12, '0.00', 0, 0, 0, '0', '0', 0, 0, NULL, '1.000', 'Produit jardin', 'PJ', 'U', 0, '0.00', 0, '0.00'),
(272, 'Chaise', 5, 12, '0.00', 0, 0, 0, '0', '0', 0, 0, NULL, '1.000', 'Produit jardin', 'PJ', 'U', 0, '0.00', 0, '0.00'),
(273, 'Fauteuil', 5, 12, '0.00', 0, 0, 0, '0', '0', 0, 0, NULL, '1.000', 'Produit jardin', 'PJ', 'U', 0, '0.00', 0, '0.00'),
(274, 'Poubelle', 5, 12, '0.00', 0, 0, 0, '0', '0', 0, 0, NULL, '1.000', 'Produit jardin', 'PJ', 'U', 0, '0.00', 0, '0.00'),
(275, 'Table basse', 5, 12, '0.00', 0, 0, 0, '0', '0', 0, 0, NULL, '1.000', 'Produit jardin', 'PJ', 'U', 0, '0.00', 0, '0.00'),
(276, 'Table de pique-nique', 5, 12, '0.00', 0, 0, 0, '0', '0', 0, 0, NULL, '1.000', 'Produit jardin', 'PJ', 'U', 0, '0.00', 0, '0.00'),
(277, 'Tabouret', 5, 12, '0.00', 0, 0, 0, '0', '0', 0, 0, NULL, '1.000', 'Produit jardin', 'PJ', 'U', 0, '0.00', 0, '0.00'),
(278, 'La/2,5x32x32', 1, 13, '2.50', 32, 32, 0, '0', '0', 0, 0, '../images/Chevron.png', '0.003', 'Bois brut', 'Latte', 'M3', 12, '370000.00', 0, '370000.00'),
(279, 'La/2x32x32', 1, 13, '2.00', 32, 32, 0, '0', '0', 0, 0, '../images/Chevron.png', '0.002', 'Bois brut', 'Latte', 'M3', 12, '370000.00', 0, '370000.00'),
(280, 'La/2x38x38', 1, 13, '2.00', 38, 38, 0, '0', '0', 0, 0, '../images/Chevron.png', '0.003', 'Bois brut', 'Latte', 'M3', 11, '360000.00', 0, '360000.00'),
(281, 'Pl/1,5x75x19', 4, 17, '1.50', 75, 19, 0, '0', '0', 0, 0, '../images/Planche.png', '0.002', 'Sechoir', 'Planche', 'M3', 0, '0.00', 0, '0.00'),
(282, 'Pl/1,5x100x19', 4, 17, '1.50', 100, 19, 0, '0', '0', 0, 0, '../images/Planche.png', '0.003', 'Sechoir', 'Planche', 'M3', 0, '0.00', 0, '0.00'),
(283, 'Pl/1,5x125x19', 4, 17, '1.50', 125, 19, 0, '0', '0', 0, 0, '../images/Planche.png', '0.004', 'Sechoir', 'Planche', 'M3', 0, '0.00', 0, '0.00'),
(284, 'Pl/1,5x125x25', 4, 17, '1.50', 125, 25, 0, '0', '0', 0, 0, '../images/Planche.png', '0.005', 'Sechoir', 'Planche', 'M3', 0, '0.00', 0, '0.00'),
(285, 'Pl/1x75x19', 4, 17, '1.00', 75, 19, 0, '0', '0', 0, 0, '../images/Planche.png', '0.001', 'Sechoir', 'Planche', 'M3', 0, '0.00', 0, '0.00'),
(286, 'Pl/1x100x19', 4, 17, '1.00', 100, 19, 0, '0', '0', 0, 0, '../images/Planche.png', '0.002', 'Sechoir', 'Planche', 'M3', 0, '0.00', 0, '0.00'),
(287, 'Ba/1x100x32', 4, 16, '1.00', 100, 32, 0, '0', '0', 0, 0, '../images/Planche.png', '0.003', 'Sechoir', 'Planche', 'M3', 0, '0.00', 0, '0.00'),
(288, 'Ba/1x125x32', 4, 16, '1.00', 125, 32, 0, '0', '0', 0, 0, '../images/Planche.png', '0.004', 'Sechoir', 'Planche', 'M3', 0, '0.00', 0, '0.00'),
(289, 'Pl/1x125x25', 4, 17, '1.00', 125, 25, 0, '0', '0', 0, 0, '../images/Planche.png', '0.003', 'Sechoir', 'Planche', 'M3', 0, '0.00', 0, '0.00'),
(290, 'Pl/0,75x75x19', 4, 17, '0.75', 75, 19, 0, '0', '0', 0, 0, '../images/Planche.png', '0.001', 'Sechoir', 'Planche', 'M3', 0, '0.00', 0, '0.00'),
(291, 'Ba/0,75x75x32', 4, 16, '0.75', 75, 32, 0, '0', '0', 0, 0, '../images/Planche.png', '0.002', 'Sechoir', 'Planche', 'M3', 0, '0.00', 0, '0.00'),
(292, 'Pl/0,75x75x25', 4, 17, '0.75', 75, 25, 0, '0', '0', 0, 0, '../images/Planche.png', '0.001', 'Sechoir', 'Planche', 'M3', 0, '0.00', 0, '0.00'),
(293, 'Pl/0,75x100x19', 4, 17, '0.75', 100, 19, 0, '0', '0', 0, 0, '../images/Planche.png', '0.001', 'Sechoir', 'Planche', 'M3', 0, '0.00', 0, '0.00'),
(294, 'BA/0,75x100x32', 4, 16, '0.75', 100, 32, 0, '0', '0', 0, 0, '../images/Planche.png', '0.002', 'Sechoir', 'Planche', 'M3', 0, '0.00', 0, '0.00'),
(295, 'Pl/0,75x100x25', 4, 17, '0.75', 100, 25, 0, '0', '0', 0, 0, '../images/Planche.png', '0.002', 'Sechoir', 'Planche', 'M3', 0, '0.00', 0, '0.00'),
(296, 'Pl/0,75x125x19', 4, 17, '0.75', 125, 19, 0, '0', '0', 0, 0, '../images/Planche.png', '0.002', 'Sechoir', 'Planche', 'M3', 0, '0.00', 0, '0.00'),
(297, 'Ba/0,75x125x32', 4, 16, '0.75', 125, 32, 0, '0', '0', 0, 0, '../images/Planche.png', '0.003', 'Sechoir', 'Planche', 'M3', 0, '0.00', 0, '0.00'),
(298, 'Pl/0,75x125x25', 4, 17, '0.75', 125, 25, 0, '0', '0', 0, 0, '../images/Planche.png', '0.002', 'Sechoir', 'Planche', 'M3', 0, '0.00', 0, '0.00'),
(299, 'Pl/2,5x75x19', 4, 17, '2.50', 75, 19, 0, '0', '0', 0, 0, '../images/Planche.png', '0.004', 'Sechoir', 'Planche', 'M3', 0, '0.00', 0, '0.00'),
(300, 'Pl/2,5x100x19', 4, 17, '2.50', 100, 19, 0, '0', '0', 0, 0, '../images/Planche.png', '0.005', 'Sechoir', 'Planche', 'M3', 0, '0.00', 0, '0.00'),
(301, 'Pl/2,5x125x19', 4, 17, '2.50', 125, 19, 0, '0', '0', 0, 0, '../images/Planche.png', '0.006', 'Sechoir', 'Planche', 'M3', 0, '0.00', 0, '0.00'),
(302, 'Pl/2x75x19', 4, 17, '2.00', 75, 19, 0, '0', '0', 0, 0, '../images/Planche.png', '0.003', 'Sechoir', 'Planche', 'M3', 0, '0.00', 0, '0.00'),
(303, 'Pl/2x100x19', 4, 17, '2.00', 100, 19, 0, '0', '0', 0, 0, '../images/Planche.png', '0.004', 'Sechoir', 'Planche', 'M3', 0, '0.00', 0, '0.00'),
(304, 'Ba/2x100x32', 4, 16, '2.00', 100, 32, 0, '0', '0', 0, 0, '../images/Planche.png', '0.006', 'Sechoir', 'Planche', 'M3', 0, '0.00', 0, '0.00'),
(305, 'Pl/2x125x19', 4, 17, '2.00', 125, 19, 0, '0', '0', 0, 0, '../images/Planche.png', '0.005', 'Sechoir', 'Planche', 'M3', 0, '0.00', 0, '0.00'),
(306, 'Pl/2x125x25', 4, 17, '2.00', 125, 25, 0, '0', '0', 0, 0, '../images/Planche.png', '0.006', 'Sechoir', 'Planche', 'M3', 0, '0.00', 0, '0.00'),
(307, 'Ba/1,5x100x32', 4, 16, '1.50', 100, 32, 0, '0', '0', 0, 0, '../images/Planche.png', '0.005', 'Sechoir', 'Planche', 'M3', 0, '0.00', 0, '0.00'),
(308, 'Ma/2x100x50', 1, 2, '2.00', 100, 50, 1, '0', '0', 0, 0, '../images/Madrier.png', '0.010', 'Bois brut', 'Madrier', 'M3', 4, '315000.00', 0, '315000.00'),
(309, 'Ma/2x100x63', 1, 2, '2.00', 100, 63, 1, '0', '0', 0, 0, '../images/Madrier.png', '0.013', 'Bois brut', 'Madrier', 'M3', 4, '315000.00', 0, '315000.00'),
(310, 'Ma/2x100x75', 1, 2, '2.00', 100, 75, 1, '0', '0', 0, 0, '../images/Madrier.png', '0.015', 'Bois brut', 'Madrier', 'M3', 4, '315000.00', 0, '315000.00'),
(311, 'Ma/2x125x50', 1, 2, '2.00', 125, 50, 1, '0', '0', 0, 0, '../images/Madrier.png', '0.013', 'Bois brut', 'Madrier', 'M3', 4, '315000.00', 0, '315000.00'),
(312, 'Ma/2x125x63', 1, 2, '2.00', 125, 63, 1, '0', '0', 0, 0, '../images/Madrier.png', '0.016', 'Bois brut', 'Madrier', 'M3', 4, '315000.00', 0, '315000.00'),
(313, 'Ma/2x125x75', 1, 2, '2.00', 125, 75, 1, '0', '0', 0, 0, '../images/Madrier.png', '0.019', 'Bois brut', 'Madrier', 'M3', 4, '315000.00', 0, '315000.00'),
(314, 'Ma/2x150x50', 1, 2, '2.00', 150, 50, 1, '0', '0', 0, 0, '../images/Madrier.png', '0.015', 'Bois brut', 'Madrier', 'M3', 4, '315000.00', 0, '315000.00'),
(315, 'Ma/2x150x63', 1, 2, '2.00', 150, 63, 1, '0', '0', 0, 0, '../images/Madrier.png', '0.019', 'Bois brut', 'Madrier', 'M3', 4, '315000.00', 0, '315000.00'),
(316, 'Ma/2x150x75', 1, 2, '2.00', 150, 75, 1, '0', '0', 0, 0, '../images/Madrier.png', '0.023', 'Bois brut', 'Madrier', 'M3', 4, '315000.00', 0, '315000.00'),
(317, 'Ma/2x175x50', 1, 2, '2.00', 175, 50, 1, '0', '0', 0, 0, '../images/Madrier.png', '0.018', 'Bois brut', 'Madrier', 'M3', 4, '315000.00', 0, '315000.00'),
(318, 'Ma/2x175x63', 1, 2, '2.00', 175, 63, 1, '0', '0', 0, 0, '../images/Madrier.png', '0.022', 'Bois brut', 'Madrier', 'M3', 4, '315000.00', 0, '315000.00');
INSERT INTO `article` (`ID_A`, `DESIGNATION`, `ID_TYPE`, `ID_FAMILLE`, `LONGUEUR`, `LARGEUR`, `EPAISSEUR`, `U_Pqt`, `DIAMETRE`, `HAUTEUR`, `QTE_STO`, `QTE_MIN`, `CHEMIN_IMG`, `QTE`, `TYPE`, `FAMILLE`, `UNITE`, `ID_TARIF`, `PRIX_U`, `TX`, `PV_HT`) VALUES
(319, 'Ma/2x175x75', 1, 2, '2.00', 175, 75, 1, '0', '0', 0, 0, '../images/Madrier.png', '0.026', 'Bois brut', 'Madrier', 'M3', 4, '315000.00', 0, '315000.00'),
(320, 'Pl/2x100x25', 1, 1, '2.00', 100, 25, 1, '0', '0', 0, 0, '../images/Planche.png', '0.005', 'Bois brut', 'Planche', 'M3', 1, '300000.00', 0, '300000.00'),
(321, 'Pl/2x100x32', 1, 1, '2.00', 100, 32, 1, '0', '0', 0, 0, '../images/Planche.png', '0.006', 'Bois brut', 'Planche', 'M3', 1, '300000.00', 0, '300000.00'),
(322, 'Pl/2x125x25', 1, 1, '2.00', 125, 25, 1, '0', '0', 0, 0, '../images/Planche.png', '0.006', 'Bois brut', 'Planche', 'M3', 1, '300000.00', 0, '300000.00'),
(323, 'Pl/2x125x32', 1, 1, '2.00', 125, 32, 1, '0', '0', 0, 0, '../images/Planche.png', '0.008', 'Bois brut', 'Planche', 'M3', 1, '300000.00', 0, '300000.00'),
(324, 'Pl/1,5x150x19', 4, 17, '1.50', 150, 19, 0, '0', '0', 0, 0, '../images/Planche.png', '0.004', 'Sechoir', 'Planche', 'M3', 0, '0.00', 0, '0.00'),
(325, 'Pl/1,5x75x25', 4, 17, '1.50', 75, 25, 0, '0', '0', 0, 0, '../images/Planche.png', '0.003', 'Sechoir', 'Planche', 'M3', 0, '0.00', 0, '0.00'),
(326, 'Pl/1,5x100x25', 4, 17, '1.50', 100, 25, 0, '0', '0', 0, 0, '../images/Planche.png', '0.004', 'Sechoir', 'Planche', 'M3', 0, '0.00', 0, '0.00'),
(327, 'Pl/1,5x150x25', 4, 17, '1.50', 150, 25, 0, '0', '0', 0, 0, '../images/Planche.png', '0.006', 'Sechoir', 'Planche', 'M3', 0, '0.00', 0, '0.00'),
(328, 'Pl/1x125x19', 4, 17, '1.00', 125, 19, 0, '0', '0', 0, 0, '../images/Planche.png', '0.002', 'Sechoir', 'Planche', 'M3', 0, '0.00', 0, '0.00'),
(329, 'Pl/1x150x19', 4, 17, '1.00', 150, 19, 0, '0', '0', 0, 0, '../images/Planche.png', '0.003', 'Sechoir', 'Planche', 'M3', 0, '0.00', 0, '0.00'),
(330, 'Pl/1x75x25', 4, 17, '1.00', 75, 25, 0, '0', '0', 0, 0, '../images/Planche.png', '0.002', 'Sechoir', 'Planche', 'M3', 0, '0.00', 0, '0.00'),
(331, 'Pl/1x100x25', 4, 17, '1.00', 100, 25, 0, '0', '0', 0, 0, '../images/Planche.png', '0.003', 'Sechoir', 'Planche', 'M3', 0, '0.00', 0, '0.00'),
(332, 'Pl/1x150x25', 4, 17, '1.00', 150, 25, 0, '0', '0', 0, 0, '../images/Planche.png', '0.004', 'Sechoir', 'Planche', 'M3', 0, '0.00', 0, '0.00'),
(333, 'Ba/1x75x32', 4, 16, '1.00', 75, 32, 0, '0', '0', 0, 0, '../images/Planche.png', '0.002', 'Sechoir', 'Planche', 'M3', 0, '0.00', 0, '0.00'),
(334, 'Pl/0.75x150x19', 4, 17, '0.75', 150, 19, 0, '0', '0', 0, 0, '../images/Planche.png', '0.002', 'Sechoir', 'Planche', 'M3', 0, '0.00', 0, '0.00'),
(335, 'Pl/0,75x150x25', 4, 17, '0.75', 150, 25, 0, '0', '0', 0, 0, '../images/Planche.png', '0.003', 'Sechoir', 'Planche', 'M3', 0, '0.00', 0, '0.00'),
(336, 'Pl/2,5x150x19', 4, 17, '2.50', 150, 19, 0, '0', '0', 0, 0, '../images/Planche.png', '0.007', 'Sechoir', 'Planche', 'M3', 0, '0.00', 0, '0.00'),
(337, 'Pl/2x150x19', 4, 17, '2.00', 150, 19, 0, '0', '0', 0, 0, '../images/Planche.png', '0.006', 'Sechoir', 'Planche', 'M3', 0, '0.00', 0, '0.00'),
(338, 'Pl/2x75x25', 4, 17, '2.00', 75, 25, 0, '0', '0', 0, 0, '../images/Planche.png', '0.004', 'Sechoir', 'Planche', 'M3', 0, '0.00', 0, '0.00'),
(339, 'Pl/2x100x25', 4, 17, '2.00', 100, 25, 0, '0', '0', 0, 0, '../images/Planche.png', '0.005', 'Sechoir', 'Planche', 'M3', 0, '0.00', 0, '0.00'),
(340, 'Pl/2x150x25', 4, 17, '2.00', 150, 25, 0, '0', '0', 0, 0, '../images/Planche.png', '0.008', 'Sechoir', 'Planche', 'M3', 0, '0.00', 0, '0.00'),
(341, 'Ba/2x75x32', 4, 16, '2.00', 75, 32, 0, '0', '0', 0, 0, '../images/Planche.png', '0.005', 'Sechoir', 'Planche', 'M3', 0, '0.00', 0, '0.00'),
(342, 'Ba/1,5x75x32', 4, 16, '1.50', 75, 32, 0, '0', '0', 0, 0, '../images/Planche.png', '0.004', 'Sechoir', 'Planche', 'M3', 0, '0.00', 0, '0.00'),
(343, 'Pl/4.5x100x16', 1, 1, '4.50', 100, 16, 1, '0', '0', 0, 0, '../images/Planche.png', '0.007', 'Bois brut', 'Planche', 'M3', 1, '300000.00', 25, '375000.00'),
(344, 'Pl/4.5x125x16', 1, 1, '4.50', 125, 16, 1, '0', '0', 0, 0, '../images/Planche.png', '0.009', 'Bois brut', 'Planche', 'M3', 1, '300000.00', 25, '375000.00'),
(345, 'Pl/4.5x150x16', 1, 1, '4.50', 150, 16, 1, '0', '0', 0, 0, '../images/Planche.png', '0.011', 'Bois brut', 'Planche', 'M3', 1, '300000.00', 25, '375000.00'),
(346, 'Pl/4.5x175x16', 1, 1, '4.50', 175, 16, 1, '0', '0', 0, 0, '../images/Planche.png', '0.013', 'Bois brut', 'Planche', 'M3', 4, '315000.00', 25, '393750.00'),
(347, 'Pl/4.5x100x19', 1, 1, '4.50', 100, 19, 1, '0', '0', 0, 0, '../images/Planche.png', '0.009', 'Bois brut', 'Planche', 'M3', 1, '300000.00', 25, '375000.00'),
(348, 'Pl/4.5x125x19', 1, 1, '4.50', 125, 19, 1, '0', '0', 0, 0, '../images/Planche.png', '0.011', 'Bois brut', 'Planche', 'M3', 1, '300000.00', 25, '375000.00'),
(349, 'Pl/4.5x150x19', 1, 1, '4.50', 150, 19, 1, '0', '0', 0, 0, '../images/Planche.png', '0.013', 'Bois brut', 'Planche', 'M3', 1, '300000.00', 25, '375000.00'),
(350, 'Pl/4.5x175x19', 1, 1, '4.50', 175, 19, 1, '0', '0', 0, 0, '../images/Planche.png', '0.015', 'Bois brut', 'Planche', 'M3', 4, '315000.00', 25, '393750.00'),
(351, 'Pl/4.5x100x22', 1, 1, '4.50', 100, 22, 1, '0', '0', 0, 0, '../images/Planche.png', '0.010', 'Bois brut', 'Planche', 'M3', 1, '300000.00', 25, '375000.00'),
(352, 'Pl/4.5x125x22', 1, 1, '4.50', 125, 22, 1, '0', '0', 0, 0, '../images/Planche.png', '0.012', 'Bois brut', 'Planche', 'M3', 1, '300000.00', 25, '375000.00'),
(353, 'Pl/4.5x150x22', 1, 1, '4.50', 150, 22, 1, '0', '0', 0, 0, '../images/Planche.png', '0.015', 'Bois brut', 'Planche', 'M3', 1, '300000.00', 25, '375000.00'),
(354, 'Pl/4.5x175x22', 1, 1, '4.50', 175, 22, 1, '0', '0', 0, 0, '../images/Planche.png', '0.017', 'Bois brut', 'Planche', 'M3', 4, '315000.00', 25, '393750.00'),
(355, 'Pl/4.5x100x25', 1, 1, '4.50', 100, 25, 1, '0', '0', 0, 0, '../images/Planche.png', '0.011', 'Bois brut', 'Planche', 'M3', 1, '300000.00', 25, '375000.00'),
(356, 'Pl/4.5x125x25', 1, 1, '4.50', 125, 25, 1, '0', '0', 0, 0, '../images/Planche.png', '0.014', 'Bois brut', 'Planche', 'M3', 1, '300000.00', 25, '375000.00'),
(357, 'Pl/4.5x150x25', 1, 1, '4.50', 150, 25, 1, '0', '0', 0, 0, '../images/Planche.png', '0.017', 'Bois brut', 'Planche', 'M3', 1, '300000.00', 25, '375000.00'),
(358, 'Pl/4.5x175x25', 1, 1, '4.50', 175, 25, 1, '0', '0', 0, 0, '../images/Planche.png', '0.020', 'Bois brut', 'Planche', 'M3', 4, '315000.00', 25, '393750.00'),
(359, 'Pl/4x100x16', 1, 1, '4.00', 100, 16, 1, '0', '0', 0, 0, '../images/Planche.png', '0.006', 'Bois brut', 'Planche', 'M3', 1, '300000.00', 0, '300000.00'),
(360, 'Pl/4x125x16', 1, 1, '4.00', 125, 16, 1, '0', '0', 0, 0, '../images/Planche.png', '0.008', 'Bois brut', 'Planche', 'M3', 1, '300000.00', 0, '300000.00'),
(361, 'Pl/4x150x16', 1, 1, '4.00', 150, 16, 1, '0', '0', 0, 0, '../images/Planche.png', '0.010', 'Bois brut', 'Planche', 'M3', 1, '300000.00', 0, '300000.00'),
(362, 'Pl/4x175x16', 1, 1, '4.00', 175, 16, 1, '0', '0', 0, 0, '../images/Planche.png', '0.011', 'Bois brut', 'Planche', 'M3', 4, '315000.00', 0, '315000.00'),
(363, 'Pl/4x100x19', 1, 1, '4.00', 100, 19, 1, '0', '0', 0, 0, '../images/Planche.png', '0.008', 'Bois brut', 'Planche', 'M3', 1, '300000.00', 0, '300000.00'),
(364, 'Pl/4x125x19', 1, 1, '4.00', 125, 19, 1, '0', '0', 0, 0, '../images/Planche.png', '0.010', 'Bois brut', 'Planche', 'M3', 1, '300000.00', 0, '300000.00'),
(365, 'Pl/4x150x19', 1, 1, '4.00', 150, 19, 1, '0', '0', 0, 0, '../images/Planche.png', '0.011', 'Bois brut', 'Planche', 'M3', 1, '300000.00', 0, '300000.00'),
(366, 'Pl/4x175x19', 1, 1, '4.00', 175, 19, 1, '0', '0', 0, 0, '../images/Planche.png', '0.013', 'Bois brut', 'Planche', 'M3', 4, '315000.00', 0, '315000.00'),
(367, 'Pl/2,5x100x16', 1, 1, '2.50', 100, 16, 1, '0', '0', 0, 0, '../images/Planche.png', '0.004', 'Bois brut', 'Planche', 'M3', 1, '300000.00', 0, '300000.00'),
(368, 'Pl/2,5x125x16', 1, 1, '2.50', 125, 16, 1, '0', '0', 0, 0, '../images/Planche.png', '0.005', 'Bois brut', 'Planche', 'M3', 1, '300000.00', 0, '300000.00'),
(369, 'Pl/2,5x150x16', 1, 1, '2.50', 150, 16, 1, '0', '0', 0, 0, '../images/Planche.png', '0.006', 'Bois brut', 'Planche', 'M3', 1, '300000.00', 0, '300000.00'),
(370, 'Pl/2,5x175x16', 1, 1, '2.50', 175, 16, 1, '0', '0', 0, 0, '../images/Planche.png', '0.007', 'Bois brut', 'Planche', 'M3', 4, '315000.00', 0, '315000.00'),
(371, 'Pl/2,5x100x19', 1, 1, '2.50', 100, 19, 1, '0', '0', 0, 0, '../images/Planche.png', '0.005', 'Bois brut', 'Planche', 'M3', 1, '300000.00', 0, '300000.00'),
(372, 'Pl/2,5x125x19', 1, 1, '2.50', 125, 19, 1, '0', '0', 0, 0, '../images/Planche.png', '0.006', 'Bois brut', 'Planche', 'M3', 1, '300000.00', 0, '300000.00'),
(373, 'Pl/2,5x150x19', 1, 1, '2.50', 150, 19, 1, '0', '0', 0, 0, '../images/Planche.png', '0.007', 'Bois brut', 'Planche', 'M3', 1, '300000.00', 0, '300000.00'),
(374, 'Pl/2,5x175x19', 1, 1, '2.50', 175, 19, 1, '0', '0', 0, 0, '../images/Planche.png', '0.008', 'Bois brut', 'Planche', 'M3', 4, '315000.00', 0, '315000.00'),
(375, 'Pl/2x150x16', 1, 1, '2.00', 150, 16, 1, '0', '0', 0, 0, '../images/Planche.png', '0.005', 'Bois brut', 'Planche', 'M3', 1, '300000.00', 0, '300000.00'),
(376, 'Pl/2x175x16', 1, 1, '2.00', 175, 16, 1, '0', '0', 0, 0, '../images/Planche.png', '0.006', 'Bois brut', 'Planche', 'M3', 4, '315000.00', 0, '315000.00'),
(377, 'Pl/2x150x19', 1, 1, '2.00', 150, 19, 1, '0', '0', 0, 0, '../images/Planche.png', '0.006', 'Bois brut', 'Planche', 'M3', 1, '300000.00', 0, '300000.00'),
(378, 'Pl/2x175x19', 1, 1, '2.00', 175, 19, 1, '0', '0', 0, 0, '../images/Planche.png', '0.007', 'Bois brut', 'Planche', 'M3', 4, '315000.00', 0, '315000.00'),
(379, 'Ma/2x100x50', 1, 2, '2.00', 100, 50, 1, '0', '0', 0, 0, '../images/Madrier.png', '0.010', 'Bois brut', 'Madrier', 'M3', 4, '315000.00', 0, '315000.00'),
(380, 'Ma/2x125x50', 1, 2, '2.00', 125, 50, 1, '0', '0', 0, 0, '../images/Madrier.png', '0.013', 'Bois brut', 'Madrier', 'M3', 4, '315000.00', 0, '315000.00'),
(381, 'Ma/2x150x50', 1, 2, '2.00', 150, 50, 1, '0', '0', 0, 0, '../images/Madrier.png', '0.015', 'Bois brut', 'Madrier', 'M3', 4, '315000.00', 0, '315000.00'),
(382, 'Ma/2x175x50', 1, 2, '2.00', 175, 50, 1, '0', '0', 0, 0, '../images/Madrier.png', '0.018', 'Bois brut', 'Madrier', 'M3', 4, '315000.00', 0, '315000.00'),
(383, 'Ma/2x100x63', 1, 2, '2.00', 100, 63, 1, '0', '0', 0, 0, '../images/Madrier.png', '0.013', 'Bois brut', 'Madrier', 'M3', 4, '315000.00', 0, '315000.00'),
(384, 'Ma/2x125x63', 1, 2, '2.00', 125, 63, 1, '0', '0', 0, 0, '../images/Madrier.png', '0.016', 'Bois brut', 'Madrier', 'M3', 4, '315000.00', 0, '315000.00'),
(385, 'Ma/2x150x63', 1, 2, '2.00', 150, 63, 1, '0', '0', 0, 0, '../images/Madrier.png', '0.019', 'Bois brut', 'Madrier', 'M3', 4, '315000.00', 0, '315000.00'),
(386, 'Ma/2x175x63', 1, 2, '2.00', 175, 63, 1, '0', '0', 0, 0, '../images/Madrier.png', '0.022', 'Bois brut', 'Madrier', 'M3', 4, '315000.00', 0, '315000.00'),
(387, 'Ma/2x100x75', 1, 2, '2.00', 100, 75, 1, '0', '0', 0, 0, '../images/Madrier.png', '0.015', 'Bois brut', 'Madrier', 'M3', 4, '315000.00', 0, '315000.00'),
(388, 'Ma/2x125x75', 1, 2, '2.00', 125, 75, 1, '0', '0', 0, 0, '../images/Madrier.png', '0.019', 'Bois brut', 'Madrier', 'M3', 4, '315000.00', 0, '315000.00'),
(389, 'Ma/2x150x75', 1, 2, '2.00', 150, 75, 1, '0', '0', 0, 0, '../images/Madrier.png', '0.023', 'Bois brut', 'Madrier', 'M3', 4, '315000.00', 0, '315000.00'),
(390, 'Ma/2x175x75', 1, 2, '2.00', 175, 75, 1, '0', '0', 0, 0, '../images/Madrier.png', '0.026', 'Bois brut', 'Madrier', 'M3', 4, '315000.00', 0, '315000.00'),
(391, 'Ma/2x100x50', 4, 18, '2.00', 100, 50, 0, '0', '0', 0, 0, '../images/Planche.png', '0.010', 'Sechoir', 'Planche', 'M3', 0, '0.00', 0, '0.00'),
(392, 'Ma/2x125x50', 4, 18, '2.00', 125, 50, 0, '0', '0', 0, 0, '../images/Planche.png', '0.008', 'Sechoir', 'Planche', 'M3', 0, '0.00', 0, '0.00'),
(393, 'Ma/1,5x100x50', 4, 18, '1.50', 100, 50, 0, '0', '0', 0, 0, '../images/Planche.png', '0.008', 'Sechoir', 'Planche', 'M3', 0, '0.00', 0, '0.00'),
(394, 'Ma/1x100x50', 4, 18, '1.00', 100, 50, 0, '0', '0', 0, 0, '../images/Planche.png', '0.005', 'Sechoir', 'Planche', 'M3', 0, '0.00', 0, '0.00'),
(395, 'Ma/1x125x50', 4, 18, '1.00', 125, 50, 0, '0', '0', 0, 0, '../images/Planche.png', '0.006', 'Sechoir', 'Planche', 'M3', 0, '0.00', 0, '0.00'),
(396, 'MA/0,75x100x50', 4, 18, '0.75', 100, 50, 0, '0', '0', 0, 0, '../images/Planche.png', '0.004', 'Sechoir', 'Planche', 'M3', 0, '0.00', 0, '0.00'),
(397, 'Ma/0,75x125x50', 4, 18, '0.75', 125, 50, 0, '0', '0', 0, 0, '../images/Planche.png', '0.005', 'Sechoir', 'Planche', 'M3', 0, '0.00', 0, '0.00'),
(401, 'Pl/2,5x50x19', 4, 17, '2.50', 50, 19, 0, '0', '0', 0, 0, '../images/Planche.png', '0.002', 'Sechoir', 'Planche', 'M3', 0, '1.00', 0, '0.00'),
(402, 'Pl/2,5x50x25', 4, 17, '2.50', 50, 25, 0, '0', '0', 0, 0, '../images/Planche.png', '0.003', 'Sechoir', 'Planche', 'M3', 0, '2.00', 0, '0.00'),
(403, 'Pl/2,5x75x25', 4, 17, '2.50', 75, 25, 0, '0', '0', 0, 0, '../images/Planche.png', '0.005', 'Sechoir', 'Planche', 'M3', 0, '3.00', 0, '0.00'),
(404, 'Pl/2,5x100x25', 4, 17, '2.50', 100, 25, 0, '0', '0', 0, 0, '../images/Planche.png', '0.006', 'Sechoir', 'Planche', 'M3', 0, '4.00', 0, '0.00'),
(405, 'Pl/2,5x125x25', 4, 17, '2.50', 125, 25, 0, '0', '0', 0, 0, '../images/Planche.png', '0.008', 'Sechoir', 'Planche', 'M3', 0, '5.00', 0, '0.00'),
(406, 'Pl/2,5x150x25', 4, 17, '2.50', 150, 25, 0, '0', '0', 0, 0, '../images/Planche.png', '0.009', 'Sechoir', 'Planche', 'M3', 0, '6.00', 0, '0.00'),
(407, 'Ba/5x125x44', 1, 3, '5.00', 125, 44, 1, '0', '0', 0, 0, '../images/Battant.png', '0.021', 'Bois brut', 'Battant', 'M3', 1, '300000.00', 35, '300000.00'),
(408, 'Ba/5.5x125x44', 1, 3, '5.50', 125, 44, 1, '0', '0', 0, 0, '../images/Battant.png', '0.030', 'Bois brut', 'Battant', 'M3', 1, '300000.00', 50, '450000.00'),
(409, 'Ba/2.5x100x32', 4, 16, '2.50', 100, 32, 0, '0', '0', 0, 0, '../images/Planche.png', '0.006', 'Sechoir', 'Planche', 'M3', 0, '0.00', 0, '0.00'),
(410, 'Ba/2.5x75x32', 4, 16, '2.50', 75, 32, 0, '0', '0', 0, 0, '../images/Planche.png', '0.005', 'Sechoir', 'Planche', 'M3', 0, '0.00', 0, '0.00'),
(411, 'Ma/2.5x100x50', 4, 18, '2.50', 100, 50, 0, '0', '0', 0, 0, '../images/Planche.png', '0.010', 'Sechoir', 'Planche', 'M3', 0, '0.00', 0, '0.00'),
(412, 'Ma/2.5x125x50', 4, 18, '2.50', 125, 50, 0, '0', '0', 0, 0, '../images/Planche.png', '0.008', 'Sechoir', 'Planche', 'M3', 0, '0.00', 0, '0.00'),
(413, 'Ma/2.5x150x50', 4, 18, '2.50', 150, 50, 0, '0', '0', 0, 0, '../images/Planche.png', '0.015', 'Sechoir', 'Planche', 'M3', 0, '0.00', 0, '0.00'),
(414, 'Ma/2.5x175x50', 4, 18, '2.50', 175, 50, 0, '0', '0', 0, 0, '../images/Planche.png', '0.018', 'Sechoir', 'Planche', 'M3', 0, '0.00', 0, '0.00'),
(415, 'Ma/2.5x100x75', 4, 18, '2.50', 100, 75, 0, '0', '0', 0, 0, '../images/Planche.png', '0.010', 'Sechoir', 'Planche', 'M3', 0, '0.00', 0, '0.00'),
(416, 'Ma/2.5x125x75', 4, 18, '2.50', 125, 75, 0, '0', '0', 0, 0, '../images/Planche.png', '0.008', 'Sechoir', 'Planche', 'M3', 0, '0.00', 0, '0.00'),
(417, 'Ma/2.5x150x75', 4, 18, '2.50', 150, 75, 0, '0', '0', 0, 0, '../images/Planche.png', '0.015', 'Sechoir', 'Planche', 'M3', 0, '0.00', 0, '0.00'),
(418, 'Ma/2.5x175x75', 4, 18, '2.50', 175, 75, 0, '0', '0', 0, 0, '../images/Planche.png', '0.018', 'Sechoir', 'Planche', 'M3', 0, '0.00', 0, '0.00'),
(419, 'Ma/2x150x50', 4, 18, '2.00', 150, 50, 0, '0', '0', 0, 0, '../images/Planche.png', '0.015', 'Sechoir', 'Planche', 'M3', 0, '0.00', 0, '0.00'),
(420, 'Ma/2x175x50', 4, 18, '2.00', 175, 50, 0, '0', '0', 0, 0, '../images/Planche.png', '0.018', 'Sechoir', 'Planche', 'M3', 0, '0.00', 0, '0.00'),
(421, 'DO/2.5xL', 1, 19, '2.50', 0, 0, 0, '0', '0', 0, 0, '', '2.500', 'Bois brut', 'Doss', 'ML', 0, '550.00', 0, '550.00'),
(422, 'DO/2.5xS', 1, 19, '2.50', 0, 0, 0, '0', '0', 0, 0, '', '2.500', 'Bois brut', 'Doss', 'ML', 0, '500.00', 0, '500.00'),
(423, 'DO/2xL', 1, 19, '2.00', 0, 0, 0, '0', '0', 0, 0, '', '2.000', 'Bois brut', 'Doss', 'ML', 0, '550.00', 0, '550.00'),
(424, 'DO/2xS', 1, 19, '2.00', 0, 0, 0, '0', '0', 0, 0, '', '2.000', 'Bois brut', 'Doss', 'ML', 0, '500.00', 0, '500.00');

-- --------------------------------------------------------

--
-- Structure de la table `bon_com`
--

CREATE TABLE `bon_com` (
  `ID_BONC` int(11) NOT NULL,
  `REFERENCE` varchar(30) NOT NULL,
  `LOGIN` varchar(30) NOT NULL,
  `ID_F` int(11) NOT NULL,
  `DATE_BONC` date NOT NULL
) ENGINE=InnoDB DEFAULT CHARSET=latin1;

--
-- Déchargement des données de la table `bon_com`
--

INSERT INTO `bon_com` (`ID_BONC`, `REFERENCE`, `LOGIN`, `ID_F`, `DATE_BONC`) VALUES
(9, 'PC1234', 'Madachri', 8, '2014-05-20'),
(11, 'TURBOPEN1234', 'Madachri', 4, '2014-05-19'),
(12, 'Bureau1655', 'DRISS', 4, '2014-05-26'),
(13, 'Appro camion NÂ°...', 'ZAHIA', 1, '2017-07-30');

-- --------------------------------------------------------

--
-- Structure de la table `client`
--

CREATE TABLE `client` (
  `ID_C` int(11) NOT NULL,
  `RAISSO_C` varchar(30) NOT NULL,
  `ADRESSE_C` text NOT NULL,
  `TEL_C` varchar(10) DEFAULT NULL,
  `NIF` varchar(30) DEFAULT NULL,
  `STAT` varchar(30) DEFAULT NULL,
  `EMAIL` varchar(30) DEFAULT NULL
) ENGINE=InnoDB DEFAULT CHARSET=latin1;

--
-- Déchargement des données de la table `client`
--

INSERT INTO `client` (`ID_C`, `RAISSO_C`, `ADRESSE_C`, `TEL_C`, `NIF`, `STAT`, `EMAIL`) VALUES
(1, 'FCG AL AMANE', 'RABAT', '0537839403', '0537839403', 'xxx', 'AMANE@HOTMAIL.COM'),
(3, 'A.N.A SARL NETOYAGE', '5 RUE JELJLAN AGDAL RABAT ++', '0678543465', '0578543465', '', 'ANA@MSN.COM'),
(11, 'Mr Mancouri Billah', '5 RUE HAJ JILLALI EL OUFIR RABAT', '0661849974', '0522849974', NULL, 'mancouri@gmail.com'),
(12, 'Mr Idrissi maliki', '5 rue jilaliya Maarif casablanca France\r\nbla bla', '0522457898', '0522457898', '', 'idriss@hotmail.fr');

-- --------------------------------------------------------

--
-- Structure de la table `commande`
--

CREATE TABLE `commande` (
  `ID_CO` int(11) NOT NULL,
  `NUM_CO` varchar(12) DEFAULT NULL,
  `REF_CO` varchar(30) NOT NULL,
  `LOGIN` varchar(30) NOT NULL,
  `ID_C` int(11) NOT NULL,
  `DATE_CO` date NOT NULL
) ENGINE=InnoDB DEFAULT CHARSET=latin1;

--
-- Déchargement des données de la table `commande`
--

INSERT INTO `commande` (`ID_CO`, `NUM_CO`, `REF_CO`, `LOGIN`, `ID_C`, `DATE_CO`) VALUES
(1, NULL, 'TABLET212', 'DRISS', 1, '2014-05-29'),
(2, NULL, 'HP PRO21', 'DRISS', 1, '2014-05-30'),
(3, NULL, 'NETOYAGE_PRO999', 'DRISS', 3, '2014-05-31'),
(4, NULL, 'NETOYAGE99', 'Madachri', 3, '2014-05-31');

-- --------------------------------------------------------

--
-- Structure de la table `contenir_bon`
--

CREATE TABLE `contenir_bon` (
  `ID_BONC` int(11) NOT NULL,
  `ID_A` int(11) NOT NULL,
  `QTE_BON` int(11) NOT NULL
) ENGINE=InnoDB DEFAULT CHARSET=latin1;

--
-- Déchargement des données de la table `contenir_bon`
--

INSERT INTO `contenir_bon` (`ID_BONC`, `ID_A`, `QTE_BON`) VALUES
(9, 26, 20),
(11, 21, 20),
(11, 22, 1),
(12, 21, 1),
(12, 22, 10),
(12, 23, 100);

-- --------------------------------------------------------

--
-- Structure de la table `contenir_bon_l`
--

CREATE TABLE `contenir_bon_l` (
  `ID_LIGNE` int(5) NOT NULL,
  `ID_BONL` int(11) NOT NULL,
  `ID_A` int(11) NOT NULL,
  `QTE_BON_L` int(11) DEFAULT NULL,
  `PRIX_A` int(11) DEFAULT NULL
) ENGINE=InnoDB DEFAULT CHARSET=latin1;

--
-- Déchargement des données de la table `contenir_bon_l`
--

INSERT INTO `contenir_bon_l` (`ID_LIGNE`, `ID_BONL`, `ID_A`, `QTE_BON_L`, `PRIX_A`) VALUES
(50, 6, 23, 10, NULL),
(54, 6, 32, 6, NULL),
(55, 6, 56, 7, NULL),
(56, 6, 52, 18, NULL),
(57, 6, 51, 4, NULL),
(58, 6, 53, 6, NULL),
(59, 6, 47, 23, NULL),
(60, 6, 68, 22, NULL),
(61, 6, 65, 16, NULL),
(62, 6, 60, 2, NULL),
(63, 6, 57, 28, NULL),
(64, 6, 64, 11, NULL),
(65, 6, 48, 19, NULL),
(66, 6, 63, 14, NULL),
(67, 6, 121, 1, NULL),
(68, 6, 120, 2, NULL),
(69, 6, 123, 3, NULL),
(70, 6, 5, 4, NULL),
(71, 6, 3, 2, NULL),
(73, 6, 15, 17, NULL),
(74, 6, 13, 16, NULL),
(75, 6, 11, 68, NULL),
(76, 6, 372, 28, NULL),
(77, 6, 319, 27, NULL),
(78, 6, 316, 29, NULL),
(79, 6, 19, 2, NULL),
(80, 6, 381, 24, NULL),
(81, 6, 379, 127, NULL),
(82, 6, 110, 54, NULL),
(83, 6, 106, 67, NULL),
(84, 6, 128, 16, NULL),
(85, 6, 130, 7, NULL),
(86, 6, 283, 40, NULL),
(87, 6, 284, 29, NULL),
(88, 6, 286, 108, NULL),
(90, 6, 307, 63, NULL),
(91, 6, 281, 111, NULL),
(92, 6, 17, 13, NULL),
(93, 6, 322, 7, NULL),
(94, 6, 393, 5, NULL),
(95, 6, 394, 2, NULL),
(96, 7, 32, 13, NULL),
(97, 7, 31, 1, NULL),
(98, 7, 55, 1, NULL),
(99, 7, 56, 16, NULL),
(100, 7, 51, 13, NULL),
(101, 7, 52, 1, NULL),
(102, 7, 49, 30, NULL),
(103, 7, 48, 29, NULL),
(104, 7, 64, 101, NULL),
(105, 7, 308, 131, NULL),
(106, 7, 393, 3, NULL),
(107, 7, 121, 1, NULL),
(108, 7, 120, 6, NULL),
(109, 7, 118, 1, NULL),
(110, 7, 125, 17, NULL),
(111, 7, 130, 11, NULL),
(112, 7, 5, 84, NULL),
(113, 7, 3, 27, NULL),
(114, 7, 13, 37, NULL),
(115, 7, 372, 72, NULL),
(116, 7, 15, 2, NULL),
(117, 7, 17, 112, NULL),
(118, 7, 106, 41, NULL),
(119, 7, 307, 54, NULL),
(120, 7, 283, 33, NULL),
(121, 7, 284, 3, NULL),
(123, 7, 282, 32, NULL),
(124, 7, 281, 11, NULL),
(125, 7, 286, 3, NULL),
(129, 7, 289, 3, NULL),
(130, 7, 287, 12, NULL);

-- --------------------------------------------------------

--
-- Structure de la table `contenir_co`
--

CREATE TABLE `contenir_co` (
  `ID_CO_LIGNE` int(5) NOT NULL,
  `ID_CO` int(5) NOT NULL,
  `ID_A` int(5) NOT NULL,
  `QTE_CO` int(5) DEFAULT NULL,
  `PRIX` decimal(11,2) DEFAULT NULL
) ENGINE=InnoDB DEFAULT CHARSET=latin1;

--
-- Déchargement des données de la table `contenir_co`
--

INSERT INTO `contenir_co` (`ID_CO_LIGNE`, `ID_CO`, `ID_A`, `QTE_CO`, `PRIX`) VALUES
(9, 1, 3, 10, NULL);

-- --------------------------------------------------------

--
-- Structure de la table `contenir_dv`
--

CREATE TABLE `contenir_dv` (
  `ID_DV_LIGNE` int(5) NOT NULL,
  `ID_DV` int(11) NOT NULL,
  `ID_A` int(11) NOT NULL,
  `QTE_DV` int(11) DEFAULT NULL,
  `PRIX` int(11) DEFAULT NULL
) ENGINE=InnoDB DEFAULT CHARSET=latin1;

--
-- Déchargement des données de la table `contenir_dv`
--

INSERT INTO `contenir_dv` (`ID_DV_LIGNE`, `ID_DV`, `ID_A`, `QTE_DV`, `PRIX`) VALUES
(16, 1, 15, 5, NULL),
(5, 4, 15, 10, NULL),
(35, 1, 19, 10, NULL),
(3, 4, 19, 15, NULL),
(37, 1, 23, 10, NULL),
(6, 4, 54, 10, NULL),
(47, 4, 106, 10, NULL),
(43, 4, 244, 10, NULL);

-- --------------------------------------------------------

--
-- Structure de la table `devis`
--

CREATE TABLE `devis` (
  `ID_DV` int(11) NOT NULL,
  `REF_DV` varchar(30) NOT NULL,
  `LOGIN` varchar(30) NOT NULL,
  `ID_C` int(11) NOT NULL,
  `DATE_DV` date NOT NULL
) ENGINE=InnoDB DEFAULT CHARSET=latin1;

--
-- Déchargement des données de la table `devis`
--

INSERT INTO `devis` (`ID_DV`, `REF_DV`, `LOGIN`, `ID_C`, `DATE_DV`) VALUES
(1, 'test1', 'Madachri', 3, '2017-08-26'),
(4, 'test2', 'Madachri', 3, '2017-08-26');

-- --------------------------------------------------------

--
-- Structure de la table `facture`
--

CREATE TABLE `facture` (
  `ID_FA` int(11) NOT NULL,
  `DATE_FA` date NOT NULL,
  `REF_FACT` varchar(30) NOT NULL,
  `DATE_ECHE` date NOT NULL,
  `ID_CO` int(11) NOT NULL,
  `REGLER` varchar(3) NOT NULL
) ENGINE=InnoDB DEFAULT CHARSET=latin1;

--
-- Déchargement des données de la table `facture`
--

INSERT INTO `facture` (`ID_FA`, `DATE_FA`, `REF_FACT`, `DATE_ECHE`, `ID_CO`, `REGLER`) VALUES
(1, '2014-06-04', 'AAAAA', '2014-06-14', 1, 'NON'),
(5, '2014-06-06', 'Netoyage3321', '2014-06-16', 3, 'NON'),
(7, '2014-06-07', 'PRO HP 5', '2014-06-17', 2, 'NON'),
(8, '2014-06-08', 'nnnn', '2014-06-18', 4, 'NON');

-- --------------------------------------------------------

--
-- Structure de la table `famille`
--

CREATE TABLE `famille` (
  `ID_FAM` int(11) NOT NULL,
  `FAMILLE` varchar(50) NOT NULL,
  `ID_TYPE` int(11) NOT NULL
) ENGINE=InnoDB DEFAULT CHARSET=latin1;

--
-- Déchargement des données de la table `famille`
--

INSERT INTO `famille` (`ID_FAM`, `FAMILLE`, `ID_TYPE`) VALUES
(1, 'Planche', 1),
(2, 'Madrier', 1),
(3, 'Battant', 1),
(4, 'Chevron', 1),
(5, 'A peindre', 3),
(6, 'A vernir', 3),
(7, 'Larg 65', 6),
(8, 'Larg 90', 6),
(9, 'Larg 115', 6),
(10, 'BR', 7),
(11, 'Panneaux', 3),
(12, 'PJ', 5),
(13, 'Latte', 1),
(16, 'Battant', 4),
(17, 'Planche', 4),
(18, 'Madrier', 4),
(19, 'Doss', 1);

-- --------------------------------------------------------

--
-- Structure de la table `fournir`
--

CREATE TABLE `fournir` (
  `ID_A` int(11) NOT NULL,
  `ID_F` int(11) NOT NULL
) ENGINE=InnoDB DEFAULT CHARSET=latin1;

--
-- Déchargement des données de la table `fournir`
--

INSERT INTO `fournir` (`ID_A`, `ID_F`) VALUES
(24, 1),
(27, 1),
(27, 2),
(33, 2),
(19, 4),
(21, 4),
(22, 4),
(23, 4),
(24, 5),
(26, 8);

-- --------------------------------------------------------

--
-- Structure de la table `fournisseur`
--

CREATE TABLE `fournisseur` (
  `ID_F` int(11) NOT NULL,
  `RAISSOCF` varchar(30) NOT NULL,
  `ADRESSE_F` text NOT NULL,
  `TEL_F` varchar(10) NOT NULL,
  `FAX_F` varchar(10) NOT NULL,
  `EMAIL_F` varchar(30) NOT NULL
) ENGINE=InnoDB DEFAULT CHARSET=latin1;

--
-- Déchargement des données de la table `fournisseur`
--

INSERT INTO `fournisseur` (`ID_F`, `RAISSOCF`, `ADRESSE_F`, `TEL_F`, `FAX_F`, `EMAIL_F`) VALUES
(1, 'Sciage foret', 'Sciage foret', '0661930203', '0661930201', 'PAPIER@HOTMAIL.FR'),
(2, 'Sechage foret', 'Sechage foret', '0661729303', '0661729304', 'SALAH@GMAIL.COM'),
(4, 'KING BUREAU', 'RABAT HAY A RIAD', '0537256487', '0537256484', 'KINGBUREAU@HOTMAIL.COM'),
(5, 'C.B.Ina', 'el jadida el malah MAROC', '060000000', '0667545851', 'CBI@gmail.com'),
(8, 'MANCOUR BILLAH IDRISS', 'CASABLANCA JILLALI EL OUFIR ETG 1 APPT 1 MAROC', '0661849974', '0561849974', 'DRISS@GMAIL.COM'),
(11, 'RESTAURANT MANIA', 'AGDAL 5, MAMOUNIA RABAT', '0522648456', '0522648458', 'MANIA@MANIA.fr');

-- --------------------------------------------------------

--
-- Structure de la table `livraison`
--

CREATE TABLE `livraison` (
  `ID_LIV` int(11) NOT NULL,
  `TYPE_LIV` varchar(50) NOT NULL,
  `DATE_LIV` date NOT NULL,
  `REF_LIV` varchar(30) NOT NULL
) ENGINE=InnoDB DEFAULT CHARSET=latin1;

--
-- Déchargement des données de la table `livraison`
--

INSERT INTO `livraison` (`ID_LIV`, `TYPE_LIV`, `DATE_LIV`, `REF_LIV`) VALUES
(6, '3', '2014-06-02', 'NETOYAGE324'),
(10, '1', '2014-06-22', 'bbb'),
(11, '4', '2014-06-22', 'nnnnn'),
(12, '2', '2014-06-22', 'gggg');

-- --------------------------------------------------------

--
-- Structure de la table `liv_bon`
--

CREATE TABLE `liv_bon` (
  `ID_BONL` int(11) NOT NULL,
  `REF_LIV` varchar(30) NOT NULL,
  `SOLDE` varchar(3) NOT NULL DEFAULT 'NON',
  `TYPE_LIV` varchar(100) DEFAULT NULL,
  `DATE_BONL` date NOT NULL
) ENGINE=InnoDB DEFAULT CHARSET=latin1;

--
-- Déchargement des données de la table `liv_bon`
--

INSERT INTO `liv_bon` (`ID_BONL`, `REF_LIV`, `SOLDE`, `TYPE_LIV`, `DATE_BONL`) VALUES
(6, '9874FD/4621-4622', 'NON', 'Bois 4F', '2018-02-25'),
(7, '9874FD/4630-4631', 'NON', 'Bois 4F', '2018-02-09');

-- --------------------------------------------------------

--
-- Structure de la table `tarifs`
--

CREATE TABLE `tarifs` (
  `ID_TARIF` int(2) NOT NULL,
  `TARIF` varchar(15) NOT NULL,
  `MONTANTHT` decimal(10,0) NOT NULL,
  `TVA` int(2) NOT NULL
) ENGINE=MyISAM DEFAULT CHARSET=utf8;

--
-- Déchargement des données de la table `tarifs`
--

INSERT INTO `tarifs` (`ID_TARIF`, `TARIF`, `MONTANTHT`, `TVA`) VALUES
(1, 'Tarif1', '300000', 20),
(2, 'Tarif2', '305000', 20),
(3, 'Tarif3', '310000', 20),
(4, 'Tarif4', '315000', 20),
(5, 'Tarif5', '320000', 20),
(6, 'Tarif6', '325000', 20),
(7, 'Tarif7', '330000', 20),
(8, 'Tarif8', '335000', 20),
(9, 'Tarif9', '340000', 20),
(10, 'Tarif10', '350000', 20),
(11, 'Tarif11', '360000', 20),
(12, 'Tarif12', '370000', 20),
(13, 'Tarif13', '1300000', 20),
(14, 'Tarif14', '1450000', 20),
(15, 'Tarif15', '683', 20),
(16, 'Tarif16', '735', 20),
(17, 'Tarif17', '893', 20),
(18, 'Tarif18', '1050', 20),
(19, 'Tarif19', '1260', 20),
(20, 'Tarif20', '1271', 20),
(21, 'Tarif21', '1502', 20),
(22, 'Tarif22', '1733', 20),
(23, 'Tarif23', '2195', 20),
(24, 'Tarif24', '2205', 20),
(25, 'Tarif25', '2835', 20),
(26, 'Tarif26', '3675', 20),
(27, 'Tarif27', '5471', 20),
(28, 'Tarif28', '6080', 20),
(29, 'Tarif29', '9723', 20),
(30, 'Tarif30', '17021', 20),
(31, 'Tarif31', '18228', 20),
(32, 'Tarif32', '19446', 20),
(33, 'Tarif33', '21882', 20),
(34, 'Tarif34', '24308', 20),
(35, 'Tarif35', '25473', 20);

-- --------------------------------------------------------

--
-- Structure de la table `type`
--

CREATE TABLE `type` (
  `ID_TYPE` int(11) NOT NULL,
  `TYPE` varchar(30) NOT NULL
) ENGINE=InnoDB DEFAULT CHARSET=latin1;

--
-- Déchargement des données de la table `type`
--

INSERT INTO `type` (`ID_TYPE`, `TYPE`) VALUES
(2, 'Bois 4F'),
(1, 'Bois brut'),
(3, 'Bois profile'),
(7, 'Bois rond'),
(6, 'Lamelle-colle'),
(8, 'Panneaux'),
(5, 'Produit jardin'),
(4, 'Sechoir');

-- --------------------------------------------------------

--
-- Structure de la table `unite`
--

CREATE TABLE `unite` (
  `ID_UNITE` int(10) NOT NULL,
  `UNITE` varchar(5) NOT NULL
) ENGINE=MyISAM DEFAULT CHARSET=latin1;

--
-- Déchargement des données de la table `unite`
--

INSERT INTO `unite` (`ID_UNITE`, `UNITE`) VALUES
(1, 'M3'),
(2, 'M2'),
(3, 'ML'),
(4, 'U');

-- --------------------------------------------------------

--
-- Structure de la table `utilisateur`
--

CREATE TABLE `utilisateur` (
  `ID_USER` int(11) NOT NULL,
  `LOGIN` varchar(30) NOT NULL,
  `NOM` varchar(30) NOT NULL,
  `PRENOM` varchar(30) NOT NULL,
  `DATENAIS` date NOT NULL,
  `SEXE` varchar(3) NOT NULL,
  `SERVICE` varchar(30) NOT NULL,
  `ADRESSE` text,
  `TEL1` varchar(10) NOT NULL,
  `PW` varchar(30) NOT NULL
) ENGINE=InnoDB DEFAULT CHARSET=latin1;

--
-- Déchargement des données de la table `utilisateur`
--

INSERT INTO `utilisateur` (`ID_USER`, `LOGIN`, `NOM`, `PRENOM`, `DATENAIS`, `SEXE`, `SERVICE`, `ADRESSE`, `TEL1`, `PW`) VALUES
(1, 'Madachri', 'Chris', 'Madachri', '1957-08-01', 'M', 'ADMINISTRATION', 'BlaBlabla', '0348482458', 'madachri2017'),
(9, 'ZAHIA', 'LARROUSSI', 'ZAHIA', '1981-03-05', 'M', 'ADMINISTRATION', '5 RUE HAJ JILLALI EL OUFIR CASABLANCA MAROC', '0663346677', 'DRISSBOUCHRA'),
(10, 'James', 'James', 'James', '1990-01-01', 'M', 'EMPLOYE', 'blabla', '0340000000', 'lsb*scieries'),
(11, 'Gabriella', 'Gabriella', 'Gabriella', '1990-01-01', 'F', 'EMPLOYE', '', '0301000000', 'lsb*scieries');

--
-- Index pour les tables déchargées
--

--
-- Index pour la table `article`
--
ALTER TABLE `article`
  ADD PRIMARY KEY (`ID_A`),
  ADD KEY `ID_TYPE` (`ID_TYPE`),
  ADD KEY `ID_FAMILLE` (`ID_FAMILLE`);

--
-- Index pour la table `bon_com`
--
ALTER TABLE `bon_com`
  ADD PRIMARY KEY (`ID_BONC`),
  ADD KEY `LOGIN` (`LOGIN`),
  ADD KEY `ID_F` (`ID_F`);

--
-- Index pour la table `client`
--
ALTER TABLE `client`
  ADD PRIMARY KEY (`ID_C`);

--
-- Index pour la table `commande`
--
ALTER TABLE `commande`
  ADD PRIMARY KEY (`ID_CO`),
  ADD KEY `LOGIN` (`LOGIN`),
  ADD KEY `ID_C` (`ID_C`);

--
-- Index pour la table `contenir_bon`
--
ALTER TABLE `contenir_bon`
  ADD PRIMARY KEY (`ID_BONC`,`ID_A`),
  ADD KEY `ID_A` (`ID_A`);

--
-- Index pour la table `contenir_bon_l`
--
ALTER TABLE `contenir_bon_l`
  ADD PRIMARY KEY (`ID_LIGNE`),
  ADD KEY `ID_A` (`ID_A`),
  ADD KEY `ID_BONL` (`ID_BONL`) USING BTREE;

--
-- Index pour la table `contenir_co`
--
ALTER TABLE `contenir_co`
  ADD PRIMARY KEY (`ID_A`,`ID_CO`),
  ADD UNIQUE KEY `ID_CO_LIGNE` (`ID_CO_LIGNE`),
  ADD KEY `ID_CO` (`ID_CO`);

--
-- Index pour la table `contenir_dv`
--
ALTER TABLE `contenir_dv`
  ADD PRIMARY KEY (`ID_A`,`ID_DV`),
  ADD UNIQUE KEY `ID_CO_LIGNE` (`ID_DV_LIGNE`),
  ADD KEY `ID_CO` (`ID_DV`);

--
-- Index pour la table `devis`
--
ALTER TABLE `devis`
  ADD PRIMARY KEY (`ID_DV`),
  ADD KEY `ID_C` (`ID_C`);

--
-- Index pour la table `facture`
--
ALTER TABLE `facture`
  ADD PRIMARY KEY (`ID_FA`),
  ADD KEY `ID_CO` (`ID_CO`);

--
-- Index pour la table `famille`
--
ALTER TABLE `famille`
  ADD PRIMARY KEY (`ID_FAM`),
  ADD KEY `ID_TYPE` (`ID_TYPE`);

--
-- Index pour la table `fournir`
--
ALTER TABLE `fournir`
  ADD PRIMARY KEY (`ID_A`,`ID_F`),
  ADD KEY `ID_F` (`ID_F`);

--
-- Index pour la table `fournisseur`
--
ALTER TABLE `fournisseur`
  ADD PRIMARY KEY (`ID_F`);

--
-- Index pour la table `livraison`
--
ALTER TABLE `livraison`
  ADD PRIMARY KEY (`ID_LIV`),
  ADD KEY `ID_CO` (`TYPE_LIV`);

--
-- Index pour la table `liv_bon`
--
ALTER TABLE `liv_bon`
  ADD PRIMARY KEY (`ID_BONL`),
  ADD KEY `ID_BONC` (`TYPE_LIV`);

--
-- Index pour la table `tarifs`
--
ALTER TABLE `tarifs`
  ADD PRIMARY KEY (`ID_TARIF`),
  ADD KEY `Tarif` (`TARIF`);

--
-- Index pour la table `type`
--
ALTER TABLE `type`
  ADD PRIMARY KEY (`ID_TYPE`),
  ADD KEY `TYPE` (`TYPE`);

--
-- Index pour la table `unite`
--
ALTER TABLE `unite`
  ADD PRIMARY KEY (`ID_UNITE`);

--
-- Index pour la table `utilisateur`
--
ALTER TABLE `utilisateur`
  ADD PRIMARY KEY (`ID_USER`),
  ADD KEY `ID_USER` (`ID_USER`),
  ADD KEY `LOGIN` (`LOGIN`);

--
-- AUTO_INCREMENT pour les tables déchargées
--

--
-- AUTO_INCREMENT pour la table `article`
--
ALTER TABLE `article`
  MODIFY `ID_A` int(11) NOT NULL AUTO_INCREMENT, AUTO_INCREMENT=425;

--
-- AUTO_INCREMENT pour la table `bon_com`
--
ALTER TABLE `bon_com`
  MODIFY `ID_BONC` int(11) NOT NULL AUTO_INCREMENT, AUTO_INCREMENT=14;

--
-- AUTO_INCREMENT pour la table `client`
--
ALTER TABLE `client`
  MODIFY `ID_C` int(11) NOT NULL AUTO_INCREMENT, AUTO_INCREMENT=13;

--
-- AUTO_INCREMENT pour la table `commande`
--
ALTER TABLE `commande`
  MODIFY `ID_CO` int(11) NOT NULL AUTO_INCREMENT, AUTO_INCREMENT=5;

--
-- AUTO_INCREMENT pour la table `contenir_bon_l`
--
ALTER TABLE `contenir_bon_l`
  MODIFY `ID_LIGNE` int(5) NOT NULL AUTO_INCREMENT, AUTO_INCREMENT=131;

--
-- AUTO_INCREMENT pour la table `contenir_co`
--
ALTER TABLE `contenir_co`
  MODIFY `ID_CO_LIGNE` int(5) NOT NULL AUTO_INCREMENT, AUTO_INCREMENT=10;

--
-- AUTO_INCREMENT pour la table `contenir_dv`
--
ALTER TABLE `contenir_dv`
  MODIFY `ID_DV_LIGNE` int(5) NOT NULL AUTO_INCREMENT, AUTO_INCREMENT=48;

--
-- AUTO_INCREMENT pour la table `devis`
--
ALTER TABLE `devis`
  MODIFY `ID_DV` int(11) NOT NULL AUTO_INCREMENT, AUTO_INCREMENT=5;

--
-- AUTO_INCREMENT pour la table `facture`
--
ALTER TABLE `facture`
  MODIFY `ID_FA` int(11) NOT NULL AUTO_INCREMENT, AUTO_INCREMENT=9;

--
-- AUTO_INCREMENT pour la table `famille`
--
ALTER TABLE `famille`
  MODIFY `ID_FAM` int(11) NOT NULL AUTO_INCREMENT, AUTO_INCREMENT=20;

--
-- AUTO_INCREMENT pour la table `fournisseur`
--
ALTER TABLE `fournisseur`
  MODIFY `ID_F` int(11) NOT NULL AUTO_INCREMENT, AUTO_INCREMENT=12;

--
-- AUTO_INCREMENT pour la table `livraison`
--
ALTER TABLE `livraison`
  MODIFY `ID_LIV` int(11) NOT NULL AUTO_INCREMENT, AUTO_INCREMENT=13;

--
-- AUTO_INCREMENT pour la table `liv_bon`
--
ALTER TABLE `liv_bon`
  MODIFY `ID_BONL` int(11) NOT NULL AUTO_INCREMENT, AUTO_INCREMENT=8;

--
-- AUTO_INCREMENT pour la table `tarifs`
--
ALTER TABLE `tarifs`
  MODIFY `ID_TARIF` int(2) NOT NULL AUTO_INCREMENT, AUTO_INCREMENT=36;

--
-- AUTO_INCREMENT pour la table `type`
--
ALTER TABLE `type`
  MODIFY `ID_TYPE` int(11) NOT NULL AUTO_INCREMENT, AUTO_INCREMENT=9;

--
-- AUTO_INCREMENT pour la table `unite`
--
ALTER TABLE `unite`
  MODIFY `ID_UNITE` int(10) NOT NULL AUTO_INCREMENT, AUTO_INCREMENT=5;

--
-- AUTO_INCREMENT pour la table `utilisateur`
--
ALTER TABLE `utilisateur`
  MODIFY `ID_USER` int(11) NOT NULL AUTO_INCREMENT, AUTO_INCREMENT=12;

--
-- Contraintes pour les tables déchargées
--

--
-- Contraintes pour la table `article`
--
ALTER TABLE `article`
  ADD CONSTRAINT `Type` FOREIGN KEY (`ID_TYPE`) REFERENCES `type` (`ID_TYPE`) ON DELETE NO ACTION ON UPDATE NO ACTION;

--
-- Contraintes pour la table `bon_com`
--
ALTER TABLE `bon_com`
  ADD CONSTRAINT `bon_com_ibfk_2` FOREIGN KEY (`ID_F`) REFERENCES `fournisseur` (`ID_F`);

--
-- Contraintes pour la table `commande`
--
ALTER TABLE `commande`
  ADD CONSTRAINT `commande_ibfk_2` FOREIGN KEY (`ID_C`) REFERENCES `client` (`ID_C`);

--
-- Contraintes pour la table `contenir_bon`
--
ALTER TABLE `contenir_bon`
  ADD CONSTRAINT `contenir_bon_ibfk_1` FOREIGN KEY (`ID_BONC`) REFERENCES `bon_com` (`ID_BONC`),
  ADD CONSTRAINT `contenir_bon_ibfk_2` FOREIGN KEY (`ID_A`) REFERENCES `article` (`ID_A`);

--
-- Contraintes pour la table `contenir_bon_l`
--
ALTER TABLE `contenir_bon_l`
  ADD CONSTRAINT `contenir_bon_l_ibfk_1` FOREIGN KEY (`ID_BONL`) REFERENCES `liv_bon` (`ID_BONL`),
  ADD CONSTRAINT `contenir_bon_l_ibfk_2` FOREIGN KEY (`ID_A`) REFERENCES `article` (`ID_A`);

--
-- Contraintes pour la table `contenir_co`
--
ALTER TABLE `contenir_co`
  ADD CONSTRAINT `contenir_co_ibfk_1` FOREIGN KEY (`ID_A`) REFERENCES `article` (`ID_A`),
  ADD CONSTRAINT `contenir_co_ibfk_2` FOREIGN KEY (`ID_CO`) REFERENCES `commande` (`ID_CO`);

--
-- Contraintes pour la table `facture`
--
ALTER TABLE `facture`
  ADD CONSTRAINT `facture_ibfk_1` FOREIGN KEY (`ID_CO`) REFERENCES `commande` (`ID_CO`);

--
-- Contraintes pour la table `famille`
--
ALTER TABLE `famille`
  ADD CONSTRAINT `Famille` FOREIGN KEY (`ID_TYPE`) REFERENCES `type` (`ID_TYPE`);

--
-- Contraintes pour la table `fournir`
--
ALTER TABLE `fournir`
  ADD CONSTRAINT `fournir_ibfk_1` FOREIGN KEY (`ID_A`) REFERENCES `article` (`ID_A`),
  ADD CONSTRAINT `fournir_ibfk_2` FOREIGN KEY (`ID_F`) REFERENCES `fournisseur` (`ID_F`);
COMMIT;

/*!40101 SET CHARACTER_SET_CLIENT=@OLD_CHARACTER_SET_CLIENT */;
/*!40101 SET CHARACTER_SET_RESULTS=@OLD_CHARACTER_SET_RESULTS */;
/*!40101 SET COLLATION_CONNECTION=@OLD_COLLATION_CONNECTION */;
